<step title="Incoming Request" date="2025-08-13T04:52:37.483" instance="547ad6" url="/api/publish?type=zip" method="POST" type="request" pid="823,1,16" Accept="*/*" Host="survey-aggregator-backend.scm.azurewebsites.net" User-Agent="AZURECLI/2.76.0 (MSI)" Accept-Encoding="gzip, deflate" Authorization="Bea..." Cache-Control="no-cache" Content-Type="application/octet-stream" Content-Length="17954403" x-ms-client-request-id="24478912-7801-11f0-8ef1-838790fe667c" x-ms-artifact-checksum="517920e3b96311e7c12456b267764c554403c688474eb393a1a1f71b84323ef4" X-ARR-LOG-ID="24478912-7801-11f0-8ef1-838790fe667c" CLIENT-IP="68.0.162.87:50608" X-SITE-DEPLOYMENT-ID="survey-aggregator-backend" WAS-DEFAULT-HOSTNAME="survey-aggregator-backend.scm.azurewebsites.net" X-Forwarded-Proto="https" X-AppService-Proto="https" X-Forwarded-TlsVersion="1.3" X-WAWS-Unencoded-URL="/api/publish?type=zip" X-Client-IP="68.0.162.87" X-Client-Port="50608" >
  <step title="OneDeploy" date="2025-08-13T04:52:39.809" >
    <step title="None repository commit" date="2025-08-13T04:52:39.869" >
      <step title="Commit id: 775421cf-7ddc-4e46-9120-3ae0e40bdd12" date="2025-08-13T04:52:39.879" Message="N/A" AuthorName="N/A" AuthorEmail="N/A" /><!-- duration: 11ms -->
    </step><!-- duration: 31ms -->
    <step title="Starting PushDeployAsync" date="2025-08-13T04:52:39.911" /><!-- duration: 39ms -->
    <step title="Writing artifact to /tmp/zipdeploy/a7b6ddcd-695e-4e3e-9fc8-765de67cdd51.zip" date="2025-08-13T04:52:40.020" >
      <step title="Writing multipart request body to /tmp/zipdeploy/a7b6ddcd-695e-4e3e-9fc8-765de67cdd51.zip" date="2025-08-13T04:52:40.040" /><!-- duration: 11ms -->
    </step><!-- duration: 1696ms -->
    <step title="Attempting to fetch target branch HEAD" date="2025-08-13T04:52:41.777" /><!-- duration: 9ms -->
    <step title="Acquiring Deployment Lock" date="2025-08-13T04:52:41.807" /><!-- duration: 10ms -->
    <step title="Acquired Deployment Lock" date="2025-08-13T04:52:41.929" /><!-- duration: 29ms -->
    <step title="Performing fetch based deployment" date="2025-08-13T04:52:41.988" >
      <step title="Creating temporary deployment" date="2025-08-13T04:52:42.008" /><!-- duration: 213ms -->
      <step title="Releasing Deployment Lock" date="2025-08-13T04:52:44.204" /><!-- duration: 28ms -->
      <step title="Cleaning up temp folders from previous zip deployments and extracting pushed zip file /tmp/zipdeploy/a7b6ddcd-695e-4e3e-9fc8-765de67cdd51.zip (17.12 MB) to /tmp/zipdeploy/extracted" date="2025-08-13T04:52:44.322" /><!-- duration: 181ms -->
      <step title="None repository commit" date="2025-08-13T04:52:44.526" >
        <step title="Commit id: 775421cf-7ddc-4e46-9120-3ae0e40bdd12" date="2025-08-13T04:52:44.543" Message="OneDeploy" AuthorName="N/A" AuthorEmail="N/A" /><!-- duration: 10ms -->
      </step><!-- duration: 37ms -->
      <step title="Deployment timer started" date="2025-08-13T04:52:46.577" >
        <step title="DeploymentManager.Deploy(id:775421cf-7ddc-4e46-9120-3ae0e40bdd12)" date="2025-08-13T04:52:46.584" >
          <step title="Collecting changeset information" date="2025-08-13T04:52:46.609" /><!-- duration: 90ms -->
          <step title="Updating submodules" date="2025-08-13T04:52:46.712" /><!-- duration: 1127ms -->
          <step title="Determining deployment builder" date="2025-08-13T04:52:48.052" >
            <step title="Builder is OneDeployBuilder" date="2025-08-13T04:52:48.071" /><!-- duration: 4ms -->
          </step><!-- duration: 26ms -->
          <step title="PreDeployment: context.CleanOutputPath False" date="2025-08-13T04:52:48.124" >
            <step title="PreDeployment: context.OutputPath /home/site/wwwroot" date="2025-08-13T04:52:48.243" >
              <step title="Building" date="2025-08-13T04:52:48.385" >
                <step title="Executing external process" date="2025-08-13T04:52:48.866" type="process" path="starter.sh" arguments="/opt/Kudu/Scripts/parallel_rsync.sh /tmp/zipdeploy/extracted /home/site/wwwroot 8 /tmp/ False False  " /><!-- duration: 458ms -->
                <step title="Modified file to trigger a restart of the app container." date="2025-08-13T04:52:49.714" /><!-- duration: 7ms -->
                <step title="Skip function trigger and logicapp sync because function is not enabled." date="2025-08-13T04:52:49.736" /><!-- duration: 3ms -->
              </step><!-- duration: 2122ms -->
            </step><!-- duration: 2271ms -->
            <step title="Cleaning up temp files" date="2025-08-13T04:52:50.516" /><!-- duration: 5ms -->
            <step title="Cleaning up temp files" date="2025-08-13T04:52:50.523" /><!-- duration: 768ms -->
            <step title="Reloading status file with latest updates" date="2025-08-13T04:52:51.374" >
              <step title="WebHooksManager.PublishEventAsync: PostDeployment" date="2025-08-13T04:52:51.392" /><!-- duration: 156ms -->
            </step><!-- duration: 193ms -->
            <step title="Cleaning up temporary deployment - fetch deployment was successful" date="2025-08-13T04:52:51.596" /><!-- duration: 12ms -->
          </step><!-- duration: 3584ms -->
        </step><!-- duration: 5163ms -->
        <step title="Outgoing response" date="2025-08-13T04:52:51.887" type="response" statusCode="200" statusText="OK" /><!-- duration: 12ms -->
      </step><!-- duration: 5331ms -->
