specialty,provider_type,geographic_region,n_orgs,n_incumbents,tcc_p25,tcc_p50,tcc_p75,tcc_p90,wrvu_p25,wrvu_p50,wrvu_p75,wrvu_p90,cf_p25,cf_p50,cf_p75,cf_p90
General Pediatrics,Staff Physician,National,108,1054,510610,567345,624079,680814,7326,8140,8954,9768,69,77,84,92
General Pediatrics,Staff Physician,Northeast,125,901,546353,607059,667765,728471,7326,8140,8954,9768,69,77,84,92
General Pediatrics,Staff Physician,North Central,149,1334,485080,538978,592875,646773,7326,8140,8954,9768,69,77,84,92
General Pediatrics,Staff Physician,South,57,464,495292,550325,605357,660390,7326,8140,8954,9768,69,77,84,92
General Pediatrics,Staff Physician,West,99,1031,561671,624080,686487,748896,7326,8140,8954,9768,69,77,84,92
General Pediatrics,Program Director,National,32,144,602520,669467,736414,803361,5976,6640,7304,7969,84,94,103,112
General Pediatrics,Program Director,Northeast,34,93,644697,716330,787963,859596,5123,5692,6262,6831,77,86,93,102
General Pediatrics,Program Director,North Central,75,149,572394,635994,699593,763193,4600,5111,5622,6134,94,105,115,126
General Pediatrics,Program Director,South,74,193,584445,649383,714321,779260,5504,6116,6727,7339,91,101,110,121
General Pediatrics,Program Director,West,52,113,662772,736414,810055,883697,4423,4915,5406,5898,79,88,96,105
General Pediatrics,Division Chief,National,76,82,653581,726202,798822,871442,6522,7246,7971,8696,85,95,104,113
General Pediatrics,Division Chief,Northeast,66,59,699332,777036,854739,932443,6264,6960,7656,8352,81,90,98,108
General Pediatrics,Division Chief,North Central,30,177,620902,689892,758880,827870,4396,4885,5373,5862,82,91,100,109
General Pediatrics,Division Chief,South,44,69,633974,704416,774857,845299,5358,5954,6549,7144,84,94,103,112
General Pediatrics,Division Chief,West,56,158,718939,798822,878704,958587,5361,5957,6553,7149,79,89,97,106
General Pediatrics,Department Chair,National,62,110,714855,794283,873711,953140,4686,5207,5727,6248,91,102,111,121
General Pediatrics,Department Chair,Northeast,41,121,764894,849883,934871,1019860,5940,6600,7260,7920,87,97,106,117
General Pediatrics,Department Chair,North Central,71,109,679112,754569,830026,905483,5497,6107,6718,7329,90,100,109,120
General Pediatrics,Department Chair,South,68,42,693409,770455,847500,924546,6248,6943,7637,8331,86,96,105,115
General Pediatrics,Department Chair,West,57,147,786340,873712,961082,1048454,4808,5342,5877,6411,96,107,117,128
General Pediatrics,Chief of Surgery,National,67,68,740385,822651,904915,987181,5890,6545,7199,7854,83,93,101,111
General Pediatrics,Chief of Surgery,Northeast,79,34,792212,880236,968259,1056283,4498,4998,5497,5997,94,105,114,125
General Pediatrics,Chief of Surgery,North Central,32,67,703366,781518,859669,937822,5981,6645,7310,7974,92,103,112,123
General Pediatrics,Chief of Surgery,South,48,111,718174,797971,877768,957565,5349,5943,6538,7132,77,87,94,103
General Pediatrics,Chief of Surgery,West,76,96,814424,904916,995407,1085899,5206,5785,6364,6942,82,91,100,109
Adolescent Medicine,Staff Physician,National,100,891,187679,208532,229385,250238,7919,8799,9678,10558,61,68,74,81
Adolescent Medicine,Staff Physician,Northeast,102,1054,200816,223129,245442,267755,7919,8799,9678,10558,61,68,74,81
Adolescent Medicine,Staff Physician,North Central,66,203,178295,198105,217915,237726,7919,8799,9678,10558,61,68,74,81
Adolescent Medicine,Staff Physician,South,72,287,182048,202276,222503,242731,7919,8799,9678,10558,61,68,74,81
Adolescent Medicine,Staff Physician,West,68,631,206447,229385,252323,275262,7919,8799,9678,10558,61,68,74,81
Adolescent Medicine,Program Director,National,47,88,221461,246068,270674,295281,5331,5923,6515,7107,74,83,90,99
Adolescent Medicine,Program Director,Northeast,54,46,236963,263293,289621,315951,6788,7543,8296,9050,76,85,93,102
Adolescent Medicine,Program Director,North Central,58,138,210388,233765,257140,280517,6651,7390,8129,8868,72,81,88,96
Adolescent Medicine,Program Director,South,41,134,214817,238686,262554,286423,4760,5289,5817,6346,74,83,90,99
Adolescent Medicine,Program Director,West,34,178,243607,270675,297741,324809,5876,6529,7181,7834,67,75,82,90
Adolescent Medicine,Division Chief,National,35,117,240229,266921,293612,320305,5039,5599,6159,6719,78,88,95,104
Adolescent Medicine,Division Chief,Northeast,51,42,257045,285606,314165,342726,5099,5666,6232,6799,74,82,90,98
Adolescent Medicine,Division Chief,North Central,32,53,228217,253575,278932,304290,5106,5674,6241,6808,77,86,93,102
Adolescent Medicine,Division Chief,South,53,178,233022,258914,284804,310696,5033,5592,6151,6710,76,85,92,101
Adolescent Medicine,Division Chief,West,49,57,264252,293613,322974,352335,5549,6166,6782,7399,72,80,87,96
Adolescent Medicine,Department Chair,National,37,126,262750,291945,321139,350333,6751,7501,8250,9001,79,88,96,105
Adolescent Medicine,Department Chair,Northeast,56,158,281143,312381,343618,374857,7011,7791,8569,9348,77,86,94,103
Adolescent Medicine,Department Chair,North Central,35,192,249613,277348,305082,332817,5595,6217,6838,7460,77,86,93,102
Adolescent Medicine,Department Chair,South,64,148,254868,283187,311504,339823,4880,5422,5964,6507,79,88,96,105
Adolescent Medicine,Department Chair,West,61,138,289025,321140,353253,385367,5618,6243,6866,7491,83,93,101,110
Adolescent Medicine,Chief of Surgery,National,67,20,272134,302372,332608,362845,6839,7599,8358,9118,84,94,102,112
Adolescent Medicine,Chief of Surgery,Northeast,56,79,291184,323538,355890,388245,4755,5283,5811,6340,80,89,97,106
Adolescent Medicine,Chief of Surgery,North Central,48,97,258528,287253,315977,344703,6108,6786,7464,8143,77,86,94,103
Adolescent Medicine,Chief of Surgery,South,78,100,263970,293301,322630,351960,6050,6723,7394,8067,78,86,94,103
Adolescent Medicine,Chief of Surgery,West,78,148,299348,332609,365869,399130,5874,6527,7179,7832,83,93,101,110
Allergy/Immunology,Staff Physician,National,111,1272,215242,239158,263074,286990,4208,4676,5143,5611,62,69,75,82
Allergy/Immunology,Staff Physician,Northeast,113,1476,230309,255899,281489,307079,4208,4676,5143,5611,62,69,75,82
Allergy/Immunology,Staff Physician,North Central,147,604,204480,227200,249920,272640,4208,4676,5143,5611,62,69,75,82
Allergy/Immunology,Staff Physician,South,121,230,208785,231983,255181,278380,4208,4676,5143,5611,62,69,75,82
Allergy/Immunology,Staff Physician,West,109,932,236766,263074,289381,315689,4208,4676,5143,5611,62,69,75,82
Allergy/Immunology,Program Director,National,78,84,253986,282207,310427,338648,2580,2866,3153,3440,84,93,101,111
Allergy/Immunology,Program Director,Northeast,64,35,271765,301961,332157,362353,3538,3931,4324,4717,69,77,84,91
Allergy/Immunology,Program Director,North Central,56,176,241286,268096,294905,321716,3747,4163,4579,4996,80,89,96,105
Allergy/Immunology,Program Director,South,54,191,246366,273741,301114,328489,3612,4014,4415,4817,70,78,85,93
Allergy/Immunology,Program Director,West,35,127,279384,310427,341470,372513,2609,2900,3189,3480,83,93,101,111
Allergy/Immunology,Division Chief,National,40,41,275510,306123,336734,367347,3623,4026,4428,4831,77,86,93,102
Allergy/Immunology,Division Chief,Northeast,44,199,294796,327551,360306,393061,2608,2898,3188,3478,72,80,87,95
Allergy/Immunology,Division Chief,North Central,62,31,261734,290816,319897,348980,3455,3840,4223,4608,70,78,85,93
Allergy/Immunology,Division Chief,South,61,170,267245,296939,326632,356327,2598,2887,3176,3465,72,81,88,96
Allergy/Immunology,Division Chief,West,58,24,303061,336735,370408,404082,3417,3797,4177,4557,73,82,89,97
Allergy/Immunology,Department Chair,National,48,45,301339,334822,368303,401786,2913,3237,3561,3885,78,87,94,103
Allergy/Immunology,Department Chair,Northeast,44,107,322433,358259,394084,429911,2589,2877,3164,3452,82,92,100,109
Allergy/Immunology,Department Chair,North Central,66,171,286272,318081,349888,381697,3029,3366,3702,4039,73,82,89,97
Allergy/Immunology,Department Chair,South,47,193,292299,324777,357254,389732,3479,3867,4253,4640,73,82,89,97
Allergy/Immunology,Department Chair,West,78,85,331473,368304,405133,441964,3300,3667,4033,4400,75,84,91,100
Allergy/Immunology,Chief of Surgery,National,75,166,312101,346780,381457,416135,3670,4078,4486,4894,72,81,88,96
Allergy/Immunology,Chief of Surgery,Northeast,64,126,333948,371054,408159,445265,2526,2807,3087,3368,81,90,98,107
Allergy/Immunology,Chief of Surgery,North Central,65,178,296496,329441,362384,395329,3784,4205,4625,5046,80,89,97,106
Allergy/Immunology,Chief of Surgery,South,30,133,302738,336376,370013,403651,3723,4138,4551,4965,80,89,97,106
Allergy/Immunology,Chief of Surgery,West,31,95,343311,381458,419603,457749,2545,2828,3110,3393,75,83,90,99
Anesthesiology,Staff Physician,National,128,815,204618,227354,250090,272825,2502,2780,3058,3336,70,78,85,93
Anesthesiology,Staff Physician,Northeast,104,754,218941,243269,267596,291923,2502,2780,3058,3336,70,78,85,93
Anesthesiology,Staff Physician,North Central,51,693,194387,215987,237585,259184,2502,2780,3058,3336,70,78,85,93
Anesthesiology,Staff Physician,South,74,1436,198480,220534,242587,264640,2502,2780,3058,3336,70,78,85,93
Anesthesiology,Staff Physician,West,103,523,225080,250090,275099,300108,2502,2780,3058,3336,70,78,85,93
Anesthesiology,Program Director,National,69,143,241449,268278,295106,321934,2052,2280,2508,2736,94,105,114,125
Anesthesiology,Program Director,Northeast,51,135,258351,287058,315764,344469,1956,2173,2390,2608,77,85,93,102
Anesthesiology,Program Director,North Central,73,63,229377,254864,280351,305837,1751,1946,2140,2335,96,107,116,127
Anesthesiology,Program Director,South,55,145,234206,260230,286253,312276,2193,2436,2680,2924,85,95,104,114
Anesthesiology,Program Director,West,55,59,265594,295106,324617,354127,1810,2011,2212,2413,95,105,115,126
Anesthesiology,Division Chief,National,46,119,261911,291014,320115,349216,2060,2289,2518,2747,84,94,102,112
Anesthesiology,Division Chief,Northeast,61,35,280245,311385,342523,373662,1509,1677,1845,2013,94,105,114,125
Anesthesiology,Division Chief,North Central,79,112,248816,276463,304109,331756,1700,1889,2078,2267,93,103,113,123
Anesthesiology,Division Chief,South,32,137,254054,282283,310512,338740,2031,2257,2483,2708,96,107,116,127
Anesthesiology,Division Chief,West,57,158,288102,320115,352127,384138,1892,2103,2313,2523,83,93,101,111
Anesthesiology,Department Chair,National,55,51,286466,318296,350126,381956,1844,2048,2253,2458,94,105,114,125
Anesthesiology,Department Chair,Northeast,35,111,306518,340577,374635,408692,1679,1866,2053,2239,85,95,104,114
Anesthesiology,Department Chair,North Central,70,41,272142,302382,332620,362858,1769,1966,2162,2359,90,101,110,120
Anesthesiology,Department Chair,South,63,104,277872,308748,339622,370497,2246,2495,2745,2994,80,90,98,107
Anesthesiology,Department Chair,West,33,100,315112,350126,385139,420151,1797,1997,2197,2397,87,97,106,116
Anesthesiology,Chief of Surgery,National,57,111,296696,329664,362631,395597,1968,2187,2406,2625,80,89,97,106
Anesthesiology,Chief of Surgery,Northeast,66,118,317465,352741,388015,423289,1977,2197,2417,2637,83,93,101,111
Anesthesiology,Chief of Surgery,North Central,78,48,281862,313181,344499,375817,2178,2420,2662,2904,82,91,99,109
Anesthesiology,Chief of Surgery,South,70,125,287796,319774,351752,383729,2128,2364,2601,2837,97,109,118,130
Anesthesiology,Chief of Surgery,West,42,116,326366,362631,398894,435157,1565,1739,1913,2087,86,96,104,114
Cardiology,Staff Physician,National,119,442,486125,540139,594152,648166,8542,9492,10441,11390,38,43,47,51
Cardiology,Staff Physician,Northeast,88,389,520154,577949,635743,693538,8542,9492,10441,11390,38,43,47,51
Cardiology,Staff Physician,North Central,96,422,461819,513132,564445,615758,8542,9492,10441,11390,38,43,47,51
Cardiology,Staff Physician,South,139,482,471541,523935,576328,628721,8542,9492,10441,11390,38,43,47,51
Cardiology,Staff Physician,West,130,154,534737,594153,653568,712983,8542,9492,10441,11390,38,43,47,51
Cardiology,Program Director,National,59,22,573628,637364,701100,764837,6324,7028,7730,8433,51,58,64,69
Cardiology,Program Director,Northeast,47,126,613781,681980,750177,818375,5401,6002,6602,7202,50,56,62,67
Cardiology,Program Director,North Central,59,154,544946,605496,666045,726595,7368,8187,9006,9825,43,48,53,58
Cardiology,Program Director,South,76,133,556419,618243,680067,741891,7076,7863,8649,9435,45,51,55,60
Cardiology,Program Director,West,76,131,630990,701101,771210,841320,6284,6983,7681,8379,46,53,58,63
Cardiology,Division Chief,National,38,192,622240,691378,760515,829653,6487,7208,7929,8650,46,52,57,62
Cardiology,Division Chief,Northeast,39,94,665797,739775,813751,887729,5554,6172,6789,7406,42,48,53,57
Cardiology,Division Chief,North Central,74,118,591128,656809,722489,788171,7039,7822,8604,9386,48,55,60,65
Cardiology,Division Chief,South,75,82,603573,670637,737700,804764,6542,7270,7997,8724,49,55,60,66
Cardiology,Division Chief,West,58,55,684464,760516,836567,912619,5647,6276,6903,7531,44,49,54,59
Cardiology,Department Chair,National,46,193,680575,756195,831813,907433,7089,7878,8665,9453,52,59,65,71
Cardiology,Department Chair,Northeast,62,94,728215,809129,890040,970954,6060,6734,7407,8080,52,59,65,70
Cardiology,Department Chair,North Central,42,198,646546,718385,790223,862062,6723,7471,8217,8964,45,51,56,61
Cardiology,Department Chair,South,40,153,660158,733509,806859,880210,5355,5951,6545,7140,45,52,56,61
Cardiology,Department Chair,West,78,122,748633,831814,914995,998177,6528,7254,7979,8705,48,55,60,65
Cardiology,Chief of Surgery,National,75,62,704881,783202,861521,939842,5513,6126,6738,7351,49,56,61,67
Cardiology,Chief of Surgery,Northeast,75,159,754223,838026,921828,1005631,5624,6250,6874,7499,44,50,55,60
Cardiology,Chief of Surgery,North Central,35,20,669637,744042,818445,892849,6359,7067,7773,8480,51,58,63,69
Cardiology,Chief of Surgery,South,68,103,683735,759706,835675,911646,6506,7230,7953,8676,44,50,54,59
Cardiology,Chief of Surgery,West,36,32,775370,861522,947673,1033826,5137,5709,6279,6850,50,57,62,68
Surgery (Cardiothoracic/Cardiovascular),Staff Physician,National,85,1417,546942,607714,668484,729256,5506,6118,6729,7341,53,59,64,70
Surgery (Cardiothoracic/Cardiovascular),Staff Physician,Northeast,115,745,585228,650254,715278,780304,5506,6118,6729,7341,53,59,64,70
Surgery (Cardiothoracic/Cardiovascular),Staff Physician,North Central,139,874,519595,577328,635060,692793,5506,6118,6729,7341,53,59,64,70
Surgery (Cardiothoracic/Cardiovascular),Staff Physician,South,89,857,530534,589482,648430,707378,5506,6118,6729,7341,53,59,64,70
Surgery (Cardiothoracic/Cardiovascular),Staff Physician,West,130,1492,601636,668485,735333,802181,5506,6118,6729,7341,53,59,64,70
Surgery (Cardiothoracic/Cardiovascular),Program Director,National,41,183,645392,717102,788811,860522,3601,4002,4401,4802,66,73,80,87
Surgery (Cardiothoracic/Cardiovascular),Program Director,Northeast,51,172,690569,767299,844028,920758,3919,4354,4789,5225,58,64,70,77
Surgery (Cardiothoracic/Cardiovascular),Program Director,North Central,79,105,613122,681247,749371,817496,4851,5391,5929,6468,67,75,81,89
Surgery (Cardiothoracic/Cardiovascular),Program Director,South,75,34,626030,695589,765147,834706,3607,4008,4409,4810,66,74,80,88
Surgery (Cardiothoracic/Cardiovascular),Program Director,West,61,172,709931,788812,867693,946574,3894,4327,4760,5192,69,77,84,91
Surgery (Cardiothoracic/Cardiovascular),Division Chief,National,69,97,700086,777873,855660,933447,4291,4768,5244,5721,72,80,86,95
Surgery (Cardiothoracic/Cardiovascular),Division Chief,Northeast,43,168,749092,832325,915556,998789,3643,4048,4452,4857,58,65,70,77
Surgery (Cardiothoracic/Cardiovascular),Division Chief,North Central,70,147,665082,738980,812877,886775,4749,5276,5803,6331,65,73,79,86
Surgery (Cardiothoracic/Cardiovascular),Division Chief,South,46,76,679083,754537,829990,905444,3937,4375,4812,5250,73,81,88,97
Surgery (Cardiothoracic/Cardiovascular),Division Chief,West,40,49,770095,855661,941226,1026792,4107,4564,5020,5476,58,65,71,77
Surgery (Cardiothoracic/Cardiovascular),Department Chair,National,72,191,765719,850799,935878,1020958,4289,4766,5242,5718,73,82,89,97
Surgery (Cardiothoracic/Cardiovascular),Department Chair,Northeast,42,190,819319,910355,1001389,1092425,3862,4291,4719,5149,58,64,70,77
Surgery (Cardiothoracic/Cardiovascular),Department Chair,North Central,51,147,727433,808259,889084,969910,3437,3819,4200,4582,60,67,72,79
Surgery (Cardiothoracic/Cardiovascular),Department Chair,South,77,194,742747,825275,907802,990329,3418,3798,4177,4557,70,78,85,93
Surgery (Cardiothoracic/Cardiovascular),Department Chair,West,78,172,842291,935879,1029466,1123054,3382,3758,4133,4509,65,72,78,86
Surgery (Cardiothoracic/Cardiovascular),Chief of Surgery,National,32,159,793066,881185,969302,1057421,4064,4516,4967,5419,69,77,83,91
Surgery (Cardiothoracic/Cardiovascular),Chief of Surgery,Northeast,67,86,848581,942868,1037153,1131440,4561,5068,5574,6081,70,78,85,93
Surgery (Cardiothoracic/Cardiovascular),Chief of Surgery,North Central,47,162,753413,837126,920837,1004550,3750,4167,4583,5000,66,74,80,88
Surgery (Cardiothoracic/Cardiovascular),Chief of Surgery,South,41,102,769274,854749,940223,1025698,4627,5142,5655,6170,68,76,82,90
Surgery (Cardiothoracic/Cardiovascular),Chief of Surgery,West,32,131,872373,969303,1066232,1163163,4383,4870,5357,5844,63,71,77,84
Child Development,Staff Physician,National,57,119,474007,526675,579342,632010,5333,5926,6518,7111,54,60,66,72
Child Development,Staff Physician,Northeast,124,235,507187,563542,619896,676251,5333,5926,6518,7111,54,60,66,72
Child Development,Staff Physician,North Central,65,1018,450306,500341,550375,600409,5333,5926,6518,7111,54,60,66,72
Child Development,Staff Physician,South,67,282,459787,510874,561962,613049,5333,5926,6518,7111,54,60,66,72
Child Development,Staff Physician,West,130,1185,521407,579342,637276,695211,5333,5926,6518,7111,54,60,66,72
Child Development,Program Director,National,60,101,559328,621476,683623,745772,4146,4607,5067,5528,66,73,81,88
Child Development,Program Director,Northeast,49,101,598481,664980,731477,797976,3758,4176,4593,5011,66,73,81,88
Child Development,Program Director,North Central,62,69,531362,590402,649442,708483,3366,3741,4114,4489,63,70,77,84
Child Development,Program Director,South,38,121,542548,602832,663115,723398,3627,4031,4433,4837,60,66,73,80
Child Development,Program Director,West,32,143,615261,683624,751986,820349,4412,4902,5392,5882,73,81,89,98
Child Development,Division Chief,National,75,155,606729,674144,741558,808973,4193,4659,5124,5591,74,82,90,98
Child Development,Division Chief,Northeast,30,110,649200,721334,793467,865601,4253,4726,5198,5671,66,73,80,88
Child Development,Division Chief,North Central,35,138,576392,640437,704480,768524,4155,4617,5079,5541,61,67,74,81
Child Development,Division Chief,South,66,63,588527,653919,719311,784703,4083,4537,4990,5444,67,75,82,90
Child Development,Division Chief,West,39,148,667402,741558,815713,889870,4385,4872,5359,5847,64,71,78,86
Child Development,Department Chair,National,79,188,663610,737345,811079,884814,3300,3667,4034,4401,66,73,81,88
Child Development,Department Chair,Northeast,42,174,710062,788959,867854,946751,4433,4927,5419,5912,72,80,88,96
Child Development,Department Chair,North Central,52,119,630429,700478,770525,840573,3904,4338,4772,5206,63,70,77,84
Child Development,Department Chair,South,48,42,643701,715224,786746,858269,4624,5139,5652,6166,71,79,87,95
Child Development,Department Chair,West,73,192,729971,811079,892187,973295,4785,5317,5848,6380,74,82,90,99
Child Development,Chief of Surgery,National,70,77,687310,763679,840046,916414,4254,4727,5199,5672,74,83,91,99
Child Development,Chief of Surgery,Northeast,48,112,735422,817136,898849,980563,4558,5065,5571,6078,74,82,90,98
Child Development,Chief of Surgery,North Central,51,99,652944,725495,798044,870594,3661,4068,4475,4882,67,75,82,90
Child Development,Chief of Surgery,South,74,80,666691,740768,814844,888922,3733,4148,4562,4977,71,79,87,95
Child Development,Chief of Surgery,West,62,27,756041,840047,924050,1008056,3655,4061,4467,4874,73,81,89,97
Critical Care/Intensivist,Staff Physician,National,132,1409,464354,515949,567544,619139,3199,3555,3910,4266,61,68,74,81
Critical Care/Intensivist,Staff Physician,Northeast,62,933,496859,552066,607272,662479,3199,3555,3910,4266,61,68,74,81
Critical Care/Intensivist,Staff Physician,North Central,67,993,441136,490152,539167,588182,3199,3555,3910,4266,61,68,74,81
Critical Care/Intensivist,Staff Physician,South,129,948,450423,500471,550517,600565,3199,3555,3910,4266,61,68,74,81
Critical Care/Intensivist,Staff Physician,West,98,136,510789,567544,624298,681053,3199,3555,3910,4266,61,68,74,81
Critical Care/Intensivist,Program Director,National,31,27,547938,608820,669702,730584,2224,2471,2718,2965,75,83,91,99
Critical Care/Intensivist,Program Director,Northeast,52,194,586293,651438,716581,781725,2317,2575,2832,3090,76,84,92,101
Critical Care/Intensivist,Program Director,North Central,38,43,520541,578379,636217,694055,2798,3109,3420,3731,78,87,95,104
Critical Care/Intensivist,Program Director,South,30,98,531499,590556,649611,708667,2026,2252,2476,2702,84,94,102,112
Critical Care/Intensivist,Program Director,West,50,57,602731,669702,736672,803643,2793,3103,3413,3724,74,83,90,99
Critical Care/Intensivist,Division Chief,National,39,175,594373,660415,726456,792498,1975,2195,2414,2634,69,77,84,92
Critical Care/Intensivist,Division Chief,Northeast,52,162,635979,706644,777308,847973,1951,2168,2385,2602,72,81,88,96
Critical Care/Intensivist,Division Chief,North Central,77,169,564654,627394,690133,752873,2455,2729,3001,3275,81,90,98,108
Critical Care/Intensivist,Division Chief,South,53,185,576542,640603,704662,768723,2142,2381,2618,2857,83,93,101,111
Critical Care/Intensivist,Division Chief,West,50,89,653810,726457,799102,871748,1952,2169,2386,2603,72,80,87,95
Critical Care/Intensivist,Department Chair,National,63,130,650096,722329,794561,866795,2075,2306,2537,2768,75,83,91,99
Critical Care/Intensivist,Department Chair,Northeast,79,105,695602,772892,850181,927471,2702,3003,3303,3604,81,90,98,108
Critical Care/Intensivist,Department Chair,North Central,37,78,617591,686213,754833,823455,2482,2759,3034,3311,70,78,85,93
Critical Care/Intensivist,Department Chair,South,76,27,630593,700659,770725,840791,2376,2640,2904,3168,69,77,83,91
Critical Care/Intensivist,Department Chair,West,64,60,715105,794562,874018,953475,2152,2391,2630,2869,84,94,102,112
Critical Care/Intensivist,Chief of Surgery,National,37,99,673313,748127,822939,897752,2860,3178,3496,3814,79,89,96,106
Critical Care/Intensivist,Chief of Surgery,Northeast,35,119,720445,800496,880544,960595,2305,2562,2818,3075,81,90,98,107
Critical Care/Intensivist,Chief of Surgery,North Central,40,117,639648,710720,781792,852864,2512,2791,3070,3350,80,89,97,106
Critical Care/Intensivist,Chief of Surgery,South,61,120,653114,725683,798250,870819,2498,2776,3053,3331,84,94,102,112
Critical Care/Intensivist,Chief of Surgery,West,57,172,740645,822939,905233,987527,2071,2301,2531,2761,77,86,94,102
Dermatology,Staff Physician,National,115,821,553499,614999,676498,737998,5177,5753,6328,6903,38,43,47,51
Dermatology,Staff Physician,Northeast,70,1497,592244,658049,723853,789658,5177,5753,6328,6903,38,43,47,51
Dermatology,Staff Physician,North Central,147,995,525824,584249,642673,701099,5177,5753,6328,6903,38,43,47,51
Dermatology,Staff Physician,South,125,680,536894,596549,656203,715858,5177,5753,6328,6903,38,43,47,51
Dermatology,Staff Physician,West,65,114,608849,676499,744148,811798,5177,5753,6328,6903,38,43,47,51
Dermatology,Program Director,National,64,135,653129,725699,798268,870838,4049,4499,4949,5399,44,50,55,59
Dermatology,Program Director,Northeast,37,143,698848,776498,854147,931797,3363,3737,4111,4484,43,49,53,58
Dermatology,Program Director,North Central,43,152,620472,689414,758355,827296,3138,3487,3835,4184,45,51,56,61
Dermatology,Program Director,South,56,88,633535,703928,774320,844713,3731,4146,4561,4975,42,48,52,57
Dermatology,Program Director,West,31,104,718442,798269,878095,957922,3714,4127,4539,4952,48,55,60,65
Dermatology,Division Chief,National,47,169,708479,787199,865918,944638,3107,3453,3798,4143,42,47,52,56
Dermatology,Division Chief,Northeast,76,61,758072,842303,926532,1010763,4067,4519,4971,5422,53,60,65,71
Dermatology,Division Chief,North Central,40,68,673055,747839,822622,897406,4515,5017,5518,6020,42,47,51,56
Dermatology,Division Chief,South,31,129,687224,763583,839940,916299,3669,4077,4485,4892,44,50,55,59
Dermatology,Division Chief,West,37,188,779327,865919,952510,1039102,3713,4126,4539,4951,52,59,65,70
Dermatology,Department Chair,National,32,183,774899,860999,947098,1033198,3558,3954,4349,4745,44,49,54,59
Dermatology,Department Chair,Northeast,63,99,829142,921269,1013395,1105522,4240,4712,5183,5654,45,51,56,61
Dermatology,Department Chair,North Central,78,161,736154,817949,899743,981538,4242,4714,5185,5657,50,57,62,68
Dermatology,Department Chair,South,67,195,751652,835169,918685,1002202,3379,3755,4130,4505,52,59,65,70
Dermatology,Department Chair,West,57,89,852389,947099,1041808,1136518,4570,5079,5587,6094,46,52,57,62
Dermatology,Chief of Surgery,National,31,180,802574,891749,980923,1070098,3112,3459,3805,4150,50,57,62,68
Dermatology,Chief of Surgery,Northeast,46,68,858754,954171,1049587,1145005,3621,4024,4427,4829,49,55,61,66
Dermatology,Chief of Surgery,North Central,38,87,762445,847161,931877,1016593,4435,4929,5422,5914,48,54,59,64
Dermatology,Chief of Surgery,South,77,42,778496,864996,951495,1037995,3565,3961,4357,4753,42,48,53,57
Dermatology,Chief of Surgery,West,58,121,882831,980924,1079015,1177108,4107,4564,5020,5476,43,49,53,58
Emergency Medicine,Staff Physician,National,65,1245,403597,448441,493285,538129,8207,9119,10030,10942,72,81,89,97
Emergency Medicine,Staff Physician,Northeast,75,889,431848,479832,527815,575798,8207,9119,10030,10942,72,81,89,97
Emergency Medicine,Staff Physician,North Central,121,1058,383417,426019,468621,511222,8207,9119,10030,10942,72,81,89,97
Emergency Medicine,Staff Physician,South,143,774,391489,434988,478487,521985,8207,9119,10030,10942,72,81,89,97
Emergency Medicine,Staff Physician,West,59,1240,443956,493285,542614,591942,8207,9119,10030,10942,72,81,89,97
Emergency Medicine,Program Director,National,59,108,476244,529161,582077,634992,5188,5764,6340,6917,83,93,102,111
Emergency Medicine,Program Director,Northeast,47,144,509581,566202,622822,679442,6420,7134,7847,8560,83,93,102,112
Emergency Medicine,Program Director,North Central,47,66,452432,502703,552973,603243,6333,7037,7740,8444,86,97,107,117
Emergency Medicine,Program Director,South,31,139,461957,513286,564614,615942,7250,8056,8861,9667,86,97,106,116
Emergency Medicine,Program Director,West,32,133,523868,582077,640284,698491,7148,7942,8736,9530,87,98,108,118
Emergency Medicine,Division Chief,National,45,34,516604,574005,631405,688805,6553,7282,8009,8738,99,111,123,134
Emergency Medicine,Division Chief,Northeast,36,170,552766,614185,675603,737022,6508,7231,7954,8677,84,95,104,114
Emergency Medicine,Division Chief,North Central,61,91,490774,545305,599835,654365,6210,6900,7590,8280,85,96,105,115
Emergency Medicine,Division Chief,South,54,98,501106,556785,612463,668141,5961,6624,7286,7948,91,103,113,123
Emergency Medicine,Division Chief,West,66,37,568264,631406,694546,757686,7019,7799,8578,9358,81,91,100,109
Emergency Medicine,Department Chair,National,66,103,565035,627818,690599,753381,5650,6278,6905,7533,86,96,106,115
Emergency Medicine,Department Chair,Northeast,70,181,604588,671765,738941,806117,5056,5618,6179,6741,86,96,106,115
Emergency Medicine,Department Chair,North Central,70,64,536784,596427,656069,715712,6504,7226,7948,8671,89,100,110,120
Emergency Medicine,Department Chair,South,53,63,548084,608983,669881,730779,6919,7688,8456,9225,93,105,116,126
Emergency Medicine,Department Chair,West,69,126,621539,690600,759659,828719,5267,5852,6437,7022,80,90,99,108
Emergency Medicine,Chief of Surgery,National,54,142,585215,650240,715264,780287,7208,8009,8809,9610,87,98,108,117
Emergency Medicine,Chief of Surgery,Northeast,57,121,626180,695757,765332,834907,6180,6867,7553,8240,93,105,116,126
Emergency Medicine,Chief of Surgery,North Central,48,185,555954,617728,679500,741273,6132,6813,7494,8175,91,102,113,123
Emergency Medicine,Chief of Surgery,South,32,44,567659,630733,693806,756879,6167,6852,7537,8222,97,109,120,131
Emergency Medicine,Chief of Surgery,West,54,41,643737,715264,786790,858316,6610,7344,8078,8813,98,110,121,132
Endocrinology,Staff Physician,National,116,1061,457662,508514,559364,610216,6019,6688,7356,8025,80,89,97,106
Endocrinology,Staff Physician,Northeast,140,1248,489698,544110,598520,652931,6019,6688,7356,8025,80,89,97,106
Endocrinology,Staff Physician,North Central,142,917,434779,483088,531396,579705,6019,6688,7356,8025,80,89,97,106
Endocrinology,Staff Physician,South,108,1438,443932,493258,542583,591909,6019,6688,7356,8025,80,89,97,106
Endocrinology,Staff Physician,West,107,202,503428,559365,615301,671237,6019,6688,7356,8025,80,89,97,106
Endocrinology,Program Director,National,32,128,540041,600046,660050,720055,3727,4141,4554,4969,92,102,111,122
Endocrinology,Program Director,Northeast,53,29,577844,642049,706253,770459,4140,4600,5059,5519,107,119,130,142
Endocrinology,Program Director,North Central,42,103,513039,570044,627047,684052,4177,4641,5104,5569,88,97,106,116
Endocrinology,Program Director,South,51,125,523840,582045,640248,698453,3851,4279,4707,5135,105,117,128,140
Endocrinology,Program Director,West,70,81,594045,660051,726055,792060,4157,4619,5080,5543,101,112,122,134
Endocrinology,Division Chief,National,51,124,585808,650898,715986,781076,4283,4760,5235,5711,103,115,126,137
Endocrinology,Division Chief,Northeast,63,73,626814,696460,766105,835752,4020,4467,4913,5360,90,100,109,120
Endocrinology,Division Chief,North Central,59,69,556517,618353,680187,742023,4712,5236,5758,6282,92,102,111,122
Endocrinology,Division Chief,South,50,193,568233,631371,694507,757644,5337,5930,6522,7116,96,107,117,128
Endocrinology,Division Chief,West,55,108,644388,715987,787585,859184,3958,4398,4838,5278,108,120,130,143
Endocrinology,Department Chair,National,53,67,640727,711919,783110,854302,5066,5629,6191,6755,95,105,115,126
Endocrinology,Department Chair,Northeast,58,129,685578,761754,837928,914104,4099,4554,5009,5465,105,116,127,139
Endocrinology,Department Chair,North Central,56,132,608691,676323,743955,811587,4786,5318,5849,6381,88,98,107,117
Endocrinology,Department Chair,South,46,129,621505,690562,759617,828673,3672,4080,4487,4896,111,124,135,147
Endocrinology,Department Chair,West,45,170,704800,783111,861421,939733,3719,4132,4545,4959,90,100,109,119
Endocrinology,Chief of Surgery,National,36,116,663610,737345,811078,884813,5092,5658,6224,6790,92,102,111,122
Endocrinology,Chief of Surgery,Northeast,53,81,710063,788959,867854,946750,4851,5391,5929,6468,92,103,112,122
Endocrinology,Chief of Surgery,North Central,35,145,630430,700478,770524,840573,5282,5869,6455,7042,99,110,120,131
Endocrinology,Chief of Surgery,South,58,64,643702,715225,786746,858269,4686,5207,5727,6248,101,112,123,134
Endocrinology,Chief of Surgery,West,65,190,729971,811079,892186,973295,4858,5398,5937,6477,91,101,111,121
Gastroenterology,Staff Physician,National,127,343,597701,664112,730523,796935,2866,3185,3503,3822,61,68,74,81
Gastroenterology,Staff Physician,Northeast,105,1318,639540,710600,781660,852720,2866,3185,3503,3822,61,68,74,81
Gastroenterology,Staff Physician,North Central,148,841,567815,630907,693997,757088,2866,3185,3503,3822,61,68,74,81
Gastroenterology,Staff Physician,South,61,981,579770,644189,708607,773026,2866,3185,3503,3822,61,68,74,81
Gastroenterology,Staff Physician,West,76,783,657471,730523,803575,876628,2866,3185,3503,3822,61,68,74,81
Gastroenterology,Program Director,National,61,75,705287,783652,862017,940383,2000,2223,2445,2667,80,89,97,106
Gastroenterology,Program Director,Northeast,61,39,754657,838508,922358,1006210,2308,2565,2822,3079,77,86,94,103
Gastroenterology,Program Director,North Central,49,40,670022,744470,818916,893364,2193,2437,2680,2924,84,94,102,112
Gastroenterology,Program Director,South,36,154,684128,760143,836157,912171,1819,2021,2223,2426,80,89,97,106
Gastroenterology,Program Director,West,66,168,775815,862018,948219,1034421,2568,2854,3138,3424,74,83,90,99
Gastroenterology,Division Chief,National,66,172,765057,850064,935069,1020076,1844,2049,2254,2459,74,83,90,99
Gastroenterology,Division Chief,Northeast,78,154,818611,909568,1000524,1091482,1926,2140,2354,2569,69,77,84,92
Gastroenterology,Division Chief,North Central,62,142,726804,807561,888316,969073,1824,2027,2229,2433,69,77,84,92
Gastroenterology,Division Chief,South,32,124,742105,824562,907017,989474,2454,2727,3000,3273,72,81,88,96
Gastroenterology,Division Chief,West,74,101,841563,935070,1028576,1122084,2484,2760,3036,3312,68,76,82,90
Gastroenterology,Department Chair,National,67,109,836781,929757,1022732,1115709,2176,2418,2659,2901,79,88,96,105
Gastroenterology,Department Chair,Northeast,39,44,895356,994840,1094324,1193808,2392,2659,2924,3190,74,82,89,98
Gastroenterology,Department Chair,North Central,67,146,794942,883269,971596,1059923,2514,2794,3073,3353,70,78,85,93
Gastroenterology,Department Chair,South,49,146,811678,901865,992050,1082237,2543,2826,3109,3392,84,93,102,111
Gastroenterology,Department Chair,West,64,133,920459,1022733,1125006,1227279,2045,2273,2500,2728,83,92,100,110
Gastroenterology,Chief of Surgery,National,52,72,866666,962963,1059258,1155555,1849,2054,2260,2465,74,82,89,98
Gastroenterology,Chief of Surgery,Northeast,79,137,927333,1030370,1133407,1236444,1878,2087,2296,2505,74,82,90,98
Gastroenterology,Chief of Surgery,North Central,42,67,823333,914815,1006295,1097778,2493,2770,3047,3324,80,89,97,106
Gastroenterology,Chief of Surgery,South,57,189,840666,934074,1027481,1120889,1963,2181,2399,2618,82,92,100,109
Gastroenterology,Chief of Surgery,West,37,152,953333,1059259,1165184,1271111,2453,2726,2999,3272,70,78,85,94
Genetics,Staff Physician,National,101,331,188524,209472,230418,251366,8313,9237,10160,11084,60,67,73,80
Genetics,Staff Physician,Northeast,131,450,201721,224135,246548,268961,8313,9237,10160,11084,60,67,73,80
Genetics,Staff Physician,North Central,135,1387,179098,198998,218897,238797,8313,9237,10160,11084,60,67,73,80
Genetics,Staff Physician,South,125,642,182868,203187,223506,243825,8313,9237,10160,11084,60,67,73,80
Genetics,Staff Physician,West,123,572,207377,230419,253460,276502,8313,9237,10160,11084,60,67,73,80
Genetics,Program Director,National,68,28,222459,247177,271894,296612,7088,7875,8662,9450,69,78,85,93
Genetics,Program Director,Northeast,73,70,238031,264479,290926,317374,6738,7487,8235,8984,77,86,94,103
Genetics,Program Director,North Central,36,69,211336,234818,258299,281781,6096,6774,7451,8129,82,92,100,110
Genetics,Program Director,South,50,162,215785,239761,263737,287713,5682,6314,6945,7577,67,75,81,89
Genetics,Program Director,West,50,186,244704,271894,299083,326273,5972,6636,7299,7963,67,75,82,89
Genetics,Division Chief,National,37,137,241311,268124,294935,321748,5750,6390,7028,7667,82,91,100,109
Genetics,Division Chief,Northeast,40,147,258203,286893,315581,344271,6627,7364,8100,8837,78,87,95,104
Genetics,Division Chief,North Central,43,39,229245,254718,280189,305661,5927,6586,7244,7903,70,78,85,93
Genetics,Division Chief,South,67,98,234072,260080,286087,312096,7128,7920,8712,9504,71,79,86,95
Genetics,Division Chief,West,75,128,265442,294936,324429,353923,6123,6804,7484,8164,79,88,96,105
Genetics,Department Chair,National,54,71,263934,293261,322586,351912,7156,7952,8746,9542,82,92,100,110
Genetics,Department Chair,Northeast,68,61,282409,313789,345167,376546,5245,5828,6411,6994,72,80,87,96
Genetics,Department Chair,North Central,40,82,250737,278597,306456,334317,6717,7463,8209,8956,72,81,88,96
Genetics,Department Chair,South,69,111,256016,284463,312908,341355,5343,5937,6530,7124,79,89,96,106
Genetics,Department Chair,West,60,60,290327,322587,354844,387103,6203,6893,7582,8271,77,87,94,103
Genetics,Chief of Surgery,National,30,35,273360,303734,334107,364480,5118,5686,6255,6824,74,83,90,99
Genetics,Chief of Surgery,Northeast,32,156,292495,324996,357494,389994,7213,8015,8815,9617,78,88,96,105
Genetics,Chief of Surgery,North Central,55,20,259692,288547,317401,346256,7102,7891,8680,9469,66,74,80,88
Genetics,Chief of Surgery,South,42,99,265159,294622,324083,353546,6541,7268,7994,8721,83,93,101,111
Genetics,Chief of Surgery,West,35,162,300696,334108,367517,400929,5760,6400,7040,7680,68,76,83,91
Hematology/Oncology,Staff Physician,National,146,1119,246862,274291,301720,329149,10251,11391,12530,13669,72,80,88,96
Hematology/Oncology,Staff Physician,Northeast,86,1245,264142,293492,322840,352189,10251,11391,12530,13669,72,80,88,96
Hematology/Oncology,Staff Physician,North Central,71,1364,234519,260577,286634,312691,10251,11391,12530,13669,72,80,88,96
Hematology/Oncology,Staff Physician,South,148,811,239456,266062,292668,319274,10251,11391,12530,13669,72,80,88,96
Hematology/Oncology,Staff Physician,West,71,555,271548,301720,331892,362064,10251,11391,12530,13669,72,80,88,96
Hematology/Oncology,Program Director,National,45,162,291297,323664,356029,388396,8415,9351,10286,11221,94,105,115,126
Hematology/Oncology,Program Director,Northeast,38,156,311688,346320,380951,415583,8025,8917,9809,10701,88,97,107,117
Hematology/Oncology,Program Director,North Central,33,182,276732,307480,338228,368976,8663,9626,10589,11551,93,103,114,124
Hematology/Oncology,Program Director,South,56,54,282558,313954,345348,376744,7262,8070,8877,9683,92,102,112,123
Hematology/Oncology,Program Director,West,34,65,320427,356030,391632,427235,6544,7272,7999,8727,79,88,97,106
Hematology/Oncology,Division Chief,National,67,25,315983,351093,386201,421311,7611,8458,9304,10149,80,89,98,107
Hematology/Oncology,Division Chief,Northeast,38,64,338102,375669,413235,450802,8526,9474,10421,11369,95,106,116,127
Hematology/Oncology,Division Chief,North Central,39,195,300184,333538,366891,400245,7143,7938,8731,9525,81,90,99,108
Hematology/Oncology,Division Chief,South,57,87,306504,340560,374615,408671,7246,8052,8857,9662,93,104,114,125
Hematology/Oncology,Division Chief,West,51,27,347582,386202,424821,463442,8288,9209,10130,11051,98,109,120,131
Hematology/Oncology,Department Chair,National,33,84,345607,384008,422407,460809,7837,8709,9580,10450,97,108,119,129
Hematology/Oncology,Department Chair,Northeast,50,196,369799,410888,451976,493065,8813,9793,10773,11752,81,90,99,109
Hematology/Oncology,Department Chair,North Central,40,125,328326,364807,401287,437768,6365,7073,7780,8488,91,101,111,121
Hematology/Oncology,Department Chair,South,68,58,335238,372487,409735,446984,7003,7782,8560,9338,99,110,121,132
Hematology/Oncology,Department Chair,West,65,35,380167,422409,464648,506889,7572,8414,9255,10097,83,92,101,111
Hematology/Oncology,Chief of Surgery,National,52,152,357950,397722,437494,477266,6392,7103,7813,8524,86,95,105,115
Hematology/Oncology,Chief of Surgery,Northeast,70,170,383006,425563,468118,510675,9043,10049,11054,12058,95,105,116,127
Hematology/Oncology,Chief of Surgery,North Central,38,81,340052,377836,415619,453403,8005,8895,9785,10675,98,109,120,131
Hematology/Oncology,Chief of Surgery,South,54,105,347211,385791,424369,462948,8308,9232,10155,11079,89,99,109,118
Hematology/Oncology,Chief of Surgery,West,37,95,393745,437495,481243,524993,7240,8045,8850,9654,95,105,116,126
Hospitalist,Staff Physician,National,61,152,193426,214919,236411,257903,7189,7988,8786,9585,60,67,73,80
Hospitalist,Staff Physician,Northeast,111,1016,206966,229963,252960,275956,7189,7988,8786,9585,60,67,73,80
Hospitalist,Staff Physician,North Central,98,1499,183755,204173,224590,245007,7189,7988,8786,9585,60,67,73,80
Hospitalist,Staff Physician,South,118,1332,187623,208471,229318,250166,7189,7988,8786,9585,60,67,73,80
Hospitalist,Staff Physician,West,84,654,212769,236411,260052,283693,7189,7988,8786,9585,60,67,73,80
Hospitalist,Program Director,National,52,175,228243,253604,278965,304325,5065,5628,6191,6754,73,81,88,97
Hospitalist,Program Director,Northeast,58,140,244220,271357,298492,325628,4539,5043,5547,6051,73,82,89,98
Hospitalist,Program Director,North Central,50,177,216831,240924,265017,289109,4526,5029,5532,6035,71,79,86,94
Hospitalist,Program Director,South,31,80,221396,245996,270596,295195,5166,5741,6314,6889,74,82,90,99
Hospitalist,Program Director,West,67,184,251067,278965,306861,334758,5704,6338,6972,7606,75,84,91,100
Hospitalist,Division Chief,National,63,106,247586,275096,302606,330116,5796,6440,7083,7727,67,75,82,90
Hospitalist,Division Chief,Northeast,58,81,264917,294353,323788,353224,4605,5117,5628,6140,80,90,98,107
Hospitalist,Division Chief,North Central,71,79,235206,261342,287476,313610,5991,6657,7322,7988,76,85,93,102
Hospitalist,Division Chief,South,39,106,240158,266843,293528,320212,5548,6164,6780,7397,82,92,100,109
Hospitalist,Division Chief,West,32,188,272344,302606,332867,363127,6041,6713,7383,8055,82,91,100,109
Hospitalist,Department Chair,National,55,96,270797,300887,330975,361064,6463,7181,7899,8617,72,80,87,96
Hospitalist,Department Chair,Northeast,45,134,289753,321949,354144,386338,5543,6159,6774,7391,81,91,99,108
Hospitalist,Department Chair,North Central,32,197,257257,285842,314427,343011,4809,5344,5878,6412,80,90,98,107
Hospitalist,Department Chair,South,60,159,262673,291860,321046,350232,4496,4996,5495,5995,72,80,87,96
Hospitalist,Department Chair,West,41,85,297877,330975,364073,397170,5081,5646,6210,6775,74,83,90,99
Hospitalist,Chief of Surgery,National,58,57,280468,311633,342796,373959,4465,4962,5457,5954,73,81,89,97
Hospitalist,Chief of Surgery,Northeast,61,169,300101,333447,366792,400136,4444,4938,5431,5925,68,76,83,91
Hospitalist,Chief of Surgery,North Central,37,98,266445,296051,325656,355261,5601,6223,6845,7468,71,80,87,95
Hospitalist,Chief of Surgery,South,72,42,272054,302284,332512,362740,6400,7111,7822,8533,82,92,100,110
Hospitalist,Chief of Surgery,West,76,140,308515,342796,377076,411355,4765,5295,5824,6354,77,86,94,103
Infectious Disease,Staff Physician,National,120,362,587436,652707,717978,783249,5045,5606,6166,6727,60,67,73,80
Infectious Disease,Staff Physician,Northeast,85,1265,628556,698397,768237,838076,5045,5606,6166,6727,60,67,73,80
Infectious Disease,Staff Physician,North Central,88,1399,558064,620072,682079,744086,5045,5606,6166,6727,60,67,73,80
Infectious Disease,Staff Physician,South,90,641,569813,633126,696439,759751,5045,5606,6166,6727,60,67,73,80
Infectious Disease,Staff Physician,West,131,1357,646179,717978,789776,861574,5045,5606,6166,6727,60,67,73,80
Infectious Disease,Program Director,National,44,79,693174,770195,847214,924234,3670,4078,4485,4893,81,91,99,109
Infectious Disease,Program Director,Northeast,60,35,741697,824109,906519,988930,4081,4535,4988,5441,78,87,95,104
Infectious Disease,Program Director,North Central,61,32,658516,731685,804854,878022,3380,3756,4131,4507,68,76,83,91
Infectious Disease,Program Director,South,52,163,672379,747089,821798,896507,4012,4458,4903,5349,80,89,97,106
Infectious Disease,Program Director,West,40,155,762492,847214,931936,1016657,3257,3619,3981,4343,80,90,98,107
Infectious Disease,Division Chief,National,77,33,751918,835466,919012,1002559,3380,3756,4132,4508,74,83,90,99
Infectious Disease,Division Chief,Northeast,58,23,804552,893948,983343,1072738,3183,3537,3890,4244,75,83,91,100
Infectious Disease,Division Chief,North Central,51,156,714322,793692,873062,952431,4307,4786,5264,5744,82,92,100,110
Infectious Disease,Division Chief,South,57,30,729360,810402,891442,972482,4197,4664,5130,5597,77,86,94,103
Infectious Disease,Division Chief,West,66,152,827110,919012,1010913,1102815,3863,4293,4722,5151,71,79,86,95
Infectious Disease,Department Chair,National,42,106,822410,913791,1005170,1096549,4281,4757,5232,5708,81,91,99,108
Infectious Disease,Department Chair,Northeast,40,163,879979,977756,1075532,1173307,4450,4945,5439,5934,79,89,96,106
Infectious Disease,Department Chair,North Central,45,158,781290,868101,954911,1041721,4244,4715,5187,5658,83,93,101,111
Infectious Disease,Department Chair,South,65,130,797738,886377,975015,1063652,4180,4644,5108,5573,72,81,88,97
Infectious Disease,Department Chair,West,63,126,904651,1005170,1105687,1206203,3465,3851,4235,4621,74,83,91,99
Infectious Disease,Chief of Surgery,National,40,159,851782,946426,1041069,1135711,3225,3584,3942,4301,81,91,99,109
Infectious Disease,Chief of Surgery,Northeast,44,20,911407,1012676,1113943,1215211,4396,4885,5373,5862,79,88,96,105
Infectious Disease,Chief of Surgery,North Central,39,151,809193,899105,989015,1078925,3386,3762,4138,4515,72,81,88,97
Infectious Disease,Chief of Surgery,South,37,38,826229,918033,1009836,1101640,3323,3693,4061,4431,82,92,100,110
Infectious Disease,Chief of Surgery,West,70,104,936960,1041069,1145175,1249282,4326,4807,5287,5768,71,80,87,95
Internal Medicine,Staff Physician,National,87,1318,488401,542668,596935,651202,3688,4098,4507,4917,47,53,58,63
Internal Medicine,Staff Physician,Northeast,87,174,522589,580655,638720,696786,3688,4098,4507,4917,47,53,58,63
Internal Medicine,Staff Physician,North Central,77,1254,463981,515535,567088,618642,3688,4098,4507,4917,47,53,58,63
Internal Medicine,Staff Physician,South,133,1092,473749,526388,579027,631666,3688,4098,4507,4917,47,53,58,63
Internal Medicine,Staff Physician,West,133,103,537241,596935,656628,716322,3688,4098,4507,4917,47,53,58,63
Internal Medicine,Program Director,National,35,26,576313,640348,704383,768418,2819,3133,3445,3759,62,70,77,84
Internal Medicine,Program Director,Northeast,45,98,616655,685173,753690,822207,2344,2604,2864,3125,54,61,67,73
Internal Medicine,Program Director,North Central,53,48,547498,608331,669164,729997,2555,2839,3122,3406,57,64,70,76
Internal Medicine,Program Director,South,45,150,559024,621138,683252,745366,2218,2465,2711,2958,65,73,80,87
Internal Medicine,Program Director,West,79,69,633945,704383,774822,845260,2572,2857,3143,3429,53,60,65,71
Internal Medicine,Division Chief,National,75,170,625154,694615,764077,833538,2300,2556,2811,3067,62,70,77,84
Internal Medicine,Division Chief,Northeast,55,193,668914,743238,817562,891886,3226,3584,3942,4301,51,58,64,69
Internal Medicine,Division Chief,North Central,71,192,593896,659884,725873,791861,2616,2906,3197,3487,54,61,66,72
Internal Medicine,Division Chief,South,30,71,606399,673777,741154,808532,2729,3032,3335,3638,52,59,65,70
Internal Medicine,Division Chief,West,75,81,687669,764077,840484,916892,3307,3675,4042,4409,65,73,80,87
Internal Medicine,Department Chair,National,55,195,683762,759735,835709,911683,2952,3281,3608,3936,62,70,77,83
Internal Medicine,Department Chair,Northeast,51,150,731625,812917,894209,975500,3194,3549,3903,4258,59,66,72,79
Internal Medicine,Department Chair,North Central,73,165,649574,721749,793924,866098,2618,2909,3199,3490,57,64,70,76
Internal Medicine,Department Chair,South,70,129,663249,736943,810638,884332,2314,2571,2827,3085,62,71,77,84
Internal Medicine,Department Chair,West,59,156,752138,835709,919280,1002851,2756,3062,3368,3675,51,58,63,69
Internal Medicine,Chief of Surgery,National,59,101,708182,786869,865556,944243,2574,2860,3145,3432,64,72,79,86
Internal Medicine,Chief of Surgery,Northeast,60,76,757755,841950,926145,1010340,3259,3622,3983,4346,63,71,78,85
Internal Medicine,Chief of Surgery,North Central,41,125,672773,747525,822278,897031,3170,3522,3874,4226,52,59,65,70
Internal Medicine,Chief of Surgery,South,51,175,686936,763263,839589,915915,2220,2467,2713,2960,59,67,73,80
Internal Medicine,Chief of Surgery,West,75,165,779000,865556,952111,1038667,2849,3166,3482,3799,58,66,72,78
Neonatal Medicine,Staff Physician,National,120,558,349432,388259,427084,465910,2070,2301,2531,2761,82,92,101,110
Neonatal Medicine,Staff Physician,Northeast,131,1192,373893,415437,456980,498524,2070,2301,2531,2761,82,92,101,110
Neonatal Medicine,Staff Physician,North Central,81,583,331961,368846,405730,442614,2070,2301,2531,2761,82,92,101,110
Neonatal Medicine,Staff Physician,South,126,313,338949,376611,414272,451933,2070,2301,2531,2761,82,92,101,110
Neonatal Medicine,Staff Physician,West,107,733,384376,427085,469793,512501,2070,2301,2531,2761,82,92,101,110
Neonatal Medicine,Program Director,National,76,71,412330,458145,503960,549774,1615,1795,1975,2154,111,125,137,149
Neonatal Medicine,Program Director,Northeast,71,67,441193,490216,539237,588258,1290,1434,1577,1720,91,102,112,122
Neonatal Medicine,Program Director,North Central,58,37,391714,435238,478762,522285,1551,1724,1896,2069,99,111,122,133
Neonatal Medicine,Program Director,South,66,145,399960,444401,488841,533281,1488,1655,1820,1985,95,107,117,127
Neonatal Medicine,Program Director,West,52,143,453563,503960,554356,604751,1677,1864,2051,2237,110,123,135,147
Neonatal Medicine,Division Chief,National,45,80,447273,496971,546668,596365,1480,1645,1810,1974,106,119,131,142
Neonatal Medicine,Division Chief,Northeast,41,63,478583,531759,584935,638110,1591,1769,1946,2122,111,125,137,149
Neonatal Medicine,Division Chief,North Central,34,129,424910,472123,519335,566547,1832,2037,2241,2444,108,121,133,145
Neonatal Medicine,Division Chief,South,65,82,433855,482062,530268,578474,1473,1637,1801,1965,110,123,135,147
Neonatal Medicine,Division Chief,West,74,146,492001,546669,601335,656001,1406,1563,1719,1876,114,128,140,153
Neonatal Medicine,Department Chair,National,43,124,489205,543563,597918,652274,1544,1716,1888,2060,95,106,117,127
Neonatal Medicine,Department Chair,Northeast,66,84,523450,581612,639773,697933,1852,2059,2265,2471,98,110,121,132
Neonatal Medicine,Department Chair,North Central,49,87,464745,516384,568022,619660,1355,1506,1656,1807,96,108,119,130
Neonatal Medicine,Department Chair,South,46,55,474529,527256,579981,632706,1332,1480,1628,1776,109,122,134,146
Neonatal Medicine,Department Chair,West,73,152,538126,597919,657710,717502,1820,2023,2225,2428,100,113,124,135
Neonatal Medicine,Chief of Surgery,National,43,99,506677,562975,619273,675570,1430,1590,1749,1908,104,117,128,140
Neonatal Medicine,Chief of Surgery,Northeast,35,108,542144,602384,662622,722859,1791,1991,2190,2389,106,119,131,143
Neonatal Medicine,Chief of Surgery,North Central,47,157,481343,534827,588309,641791,1714,1905,2096,2286,92,103,114,124
Neonatal Medicine,Chief of Surgery,South,62,30,491477,546086,600694,655302,1745,1940,2134,2328,110,124,136,148
Neonatal Medicine,Chief of Surgery,West,45,37,557345,619273,681200,743127,1428,1587,1746,1904,111,124,137,149
Nephrology,Staff Physician,National,69,116,241123,267915,294706,321498,2446,2718,2989,3261,61,68,74,81
Nephrology,Staff Physician,Northeast,104,435,258001,286669,315335,344002,2446,2718,2989,3261,61,68,74,81
Nephrology,Staff Physician,North Central,107,1093,229067,254519,279970,305423,2446,2718,2989,3261,61,68,74,81
Nephrology,Staff Physician,South,137,257,233889,259877,285864,311853,2446,2718,2989,3261,61,68,74,81
Nephrology,Staff Physician,West,80,1201,265235,294706,324176,353647,2446,2718,2989,3261,61,68,74,81
Nephrology,Program Director,National,79,191,284525,316139,347753,379367,2035,2262,2487,2714,71,79,86,95
Nephrology,Program Director,Northeast,50,178,304442,338269,372095,405923,1871,2079,2286,2494,69,77,83,91
Nephrology,Program Director,North Central,78,172,270299,300332,330365,360399,1497,1664,1830,1997,71,79,86,94
Nephrology,Program Director,South,41,113,275989,306655,337320,367986,1471,1634,1797,1961,67,75,81,89
Nephrology,Program Director,West,61,23,312978,347753,382528,417304,2132,2369,2605,2842,75,84,91,100
Nephrology,Division Chief,National,35,88,308637,342931,377223,411517,1689,1877,2064,2252,71,80,87,95
Nephrology,Division Chief,Northeast,55,106,330242,366936,403629,440323,2180,2422,2663,2906,76,85,93,102
Nephrology,Division Chief,North Central,67,166,293205,325784,358362,390941,2146,2385,2623,2861,69,77,84,92
Nephrology,Division Chief,South,76,180,299378,332643,365907,399171,1789,1989,2187,2386,72,81,88,96
Nephrology,Division Chief,West,68,33,339501,377224,414946,452669,1600,1778,1956,2134,72,80,87,95
Nephrology,Department Chair,National,77,95,337572,375081,412588,450097,1918,2132,2344,2558,72,80,87,95
Nephrology,Department Chair,Northeast,49,116,361202,401336,441469,481604,1601,1779,1957,2135,69,76,83,91
Nephrology,Department Chair,North Central,70,138,320693,356327,391959,427592,1788,1987,2185,2384,67,75,82,89
Nephrology,Department Chair,South,38,122,327445,363828,400210,436594,1791,1991,2189,2389,72,80,87,95
Nephrology,Department Chair,West,35,192,371329,412589,453847,495106,1809,2010,2210,2411,82,91,99,109
Nephrology,Chief of Surgery,National,63,87,349628,388477,427323,466172,1692,1880,2068,2256,68,75,82,90
Nephrology,Chief of Surgery,Northeast,37,60,374102,415670,457236,498804,2140,2378,2616,2854,73,81,88,97
Nephrology,Chief of Surgery,North Central,63,92,332147,369053,405957,442863,2022,2247,2471,2696,78,86,94,103
Nephrology,Chief of Surgery,South,77,32,339139,376822,414504,452187,1475,1639,1803,1967,71,80,87,95
Nephrology,Chief of Surgery,West,33,93,384591,427324,470056,512789,2151,2390,2628,2868,76,85,93,102
Neurology,Staff Physician,National,62,1452,300542,333937,367330,400724,1860,2067,2273,2480,61,68,74,81
Neurology,Staff Physician,Northeast,130,1289,321580,357312,393043,428774,1860,2067,2273,2480,61,68,74,81
Neurology,Staff Physician,North Central,69,1180,285515,317240,348964,380688,1860,2067,2273,2480,61,68,74,81
Neurology,Staff Physician,South,114,342,291526,323919,356310,388702,1860,2067,2273,2480,61,68,74,81
Neurology,Staff Physician,West,74,1490,330597,367331,404063,440796,1860,2067,2273,2480,61,68,74,81
Neurology,Program Director,National,50,190,354640,394046,433450,472854,1463,1626,1788,1951,83,93,101,111
Neurology,Program Director,Northeast,59,122,379465,421629,463791,505954,1221,1357,1493,1629,70,78,85,93
Neurology,Program Director,North Central,55,33,336908,374343,411777,449211,1533,1704,1874,2044,70,78,85,93
Neurology,Program Director,South,76,75,344001,382224,420446,458668,1329,1477,1625,1773,74,83,90,99
Neurology,Program Director,West,79,58,390104,433450,476795,520140,1482,1647,1811,1976,70,78,85,93
Neurology,Division Chief,National,55,155,384694,427439,470183,512927,1294,1438,1582,1726,82,92,100,110
Neurology,Division Chief,Northeast,76,168,411623,457360,503096,548831,1137,1263,1389,1516,76,85,93,102
Neurology,Division Chief,North Central,50,40,365460,406067,446674,487280,1526,1696,1865,2035,69,77,84,92
Neurology,Division Chief,South,54,33,373154,414616,456077,497539,1379,1532,1685,1839,70,79,86,94
Neurology,Division Chief,West,35,157,423164,470183,517201,564219,1135,1261,1387,1513,71,79,86,95
Neurology,Department Chair,National,71,38,420760,467512,514263,561013,1430,1589,1748,1907,77,85,93,102
Neurology,Department Chair,Northeast,76,78,450213,500238,550261,600284,1469,1632,1795,1958,77,86,93,102
Neurology,Department Chair,North Central,66,125,399722,444136,488549,532963,1382,1536,1689,1843,75,84,91,100
Neurology,Department Chair,South,33,42,408137,453486,498835,544183,1203,1337,1470,1604,75,84,91,100
Neurology,Department Chair,West,48,135,462836,514263,565689,617115,1598,1775,1952,2130,68,76,83,91
Neurology,Chief of Surgery,National,71,104,435787,484209,532629,581050,1131,1256,1382,1508,77,86,93,102
Neurology,Chief of Surgery,Northeast,71,53,466292,518103,569913,621723,1128,1253,1378,1504,80,89,97,106
Neurology,Chief of Surgery,North Central,54,185,413997,459998,505998,551997,1283,1426,1568,1711,81,90,98,108
Neurology,Chief of Surgery,South,62,30,422713,469682,516650,563618,1576,1751,1926,2101,75,83,91,100
Neurology,Chief of Surgery,West,60,72,479366,532630,585892,639155,1169,1299,1428,1558,73,81,89,97
Surgery (Neurological),Staff Physician,National,84,709,491433,546037,600640,655244,5494,6105,6715,7326,79,88,96,105
Surgery (Neurological),Staff Physician,Northeast,127,537,525833,584259,642685,701111,5494,6105,6715,7326,79,88,96,105
Surgery (Neurological),Staff Physician,North Central,64,1102,466861,518735,570608,622482,5494,6105,6715,7326,79,88,96,105
Surgery (Neurological),Staff Physician,South,79,1386,476690,529656,582621,635587,5494,6105,6715,7326,79,88,96,105
Surgery (Neurological),Staff Physician,West,79,609,540576,600640,660704,720768,5494,6105,6715,7326,79,88,96,105
Surgery (Neurological),Program Director,National,43,181,579891,644323,708755,773188,4841,5379,5917,6455,102,114,124,136
Surgery (Neurological),Program Director,Northeast,59,35,620483,689426,758368,827311,3769,4188,4606,5025,92,102,112,122
Surgery (Neurological),Program Director,North Central,78,83,550896,612107,673317,734529,4157,4619,5080,5543,106,118,128,140
Surgery (Neurological),Program Director,South,33,83,562494,624994,687492,749992,4124,4583,5041,5499,101,113,123,135
Surgery (Neurological),Program Director,West,36,94,637880,708756,779631,850507,3489,3877,4264,4652,106,118,129,141
Surgery (Neurological),Division Chief,National,52,54,629034,698927,768819,838712,3876,4307,4737,5169,108,121,132,144
Surgery (Neurological),Division Chief,Northeast,42,73,673066,747852,822637,897422,3818,4243,4667,5092,105,117,127,139
Surgery (Neurological),Division Chief,North Central,48,81,597582,663981,730378,796777,4672,5191,5710,6230,97,108,118,129
Surgery (Neurological),Division Chief,South,48,100,610163,677959,745755,813551,3922,4358,4793,5229,105,117,127,139
Surgery (Neurological),Division Chief,West,57,80,691937,768820,845701,922584,3725,4140,4553,4968,93,104,114,124
Surgery (Neurological),Department Chair,National,38,177,688006,764452,840896,917342,3967,4408,4849,5290,108,120,131,144
Surgery (Neurological),Department Chair,Northeast,65,20,736166,817963,899759,981556,3547,3942,4336,4730,94,105,115,126
Surgery (Neurological),Department Chair,North Central,74,31,653606,726229,798851,871475,4616,5130,5642,6156,106,118,129,141
Surgery (Neurological),Department Chair,South,33,106,667366,741518,815669,889821,3709,4121,4533,4946,97,108,118,129
Surgery (Neurological),Department Chair,West,67,83,756806,840897,924986,1009076,3996,4440,4884,5329,102,113,123,135
Surgery (Neurological),Chief of Surgery,National,41,166,712577,791753,870928,950104,4794,5327,5859,6392,109,121,132,145
Surgery (Neurological),Chief of Surgery,Northeast,56,195,762458,847176,931893,1016611,4279,4755,5230,5706,100,112,122,134
Surgery (Neurological),Chief of Surgery,North Central,37,186,676949,752166,827382,902599,3315,3684,4052,4421,100,111,122,133
Surgery (Neurological),Chief of Surgery,South,58,194,691200,768001,844800,921601,4036,4485,4933,5382,103,115,125,137
Surgery (Neurological),Chief of Surgery,West,47,152,783835,870929,958021,1045114,3371,3746,4120,4495,102,113,124,135
Ophthalmology,Staff Physician,National,144,323,580791,645323,709855,774387,6444,7160,7876,8592,84,94,103,112
Ophthalmology,Staff Physician,Northeast,145,782,621446,690496,759545,828594,6444,7160,7876,8592,84,94,103,112
Ophthalmology,Staff Physician,North Central,64,1103,551751,613057,674362,735668,6444,7160,7876,8592,84,94,103,112
Ophthalmology,Staff Physician,South,115,271,563367,625963,688559,751156,6444,7160,7876,8592,84,94,103,112
Ophthalmology,Staff Physician,West,54,1305,638870,709855,780840,851826,6444,7160,7876,8592,84,94,103,112
Ophthalmology,Program Director,National,58,91,685333,761481,837629,913777,4800,5333,5866,6400,93,104,114,124
Ophthalmology,Program Director,Northeast,34,167,733306,814785,896263,977741,4580,5089,5598,6107,102,114,125,136
Ophthalmology,Program Director,North Central,41,27,651066,723407,795747,868088,5339,5932,6525,7118,116,130,143,155
Ophthalmology,Program Director,South,65,51,664773,738637,812500,886364,5799,6443,7087,7732,102,114,125,136
Ophthalmology,Program Director,West,70,48,753866,837630,921392,1005155,5677,6308,6939,7570,109,122,134,145
Ophthalmology,Division Chief,National,78,95,743412,826014,908614,991216,5129,5699,6269,6839,112,126,138,150
Ophthalmology,Division Chief,Northeast,74,86,795451,883835,972217,1060601,4712,5236,5759,6283,102,115,126,137
Ophthalmology,Division Chief,North Central,76,38,706241,784713,863183,941655,4187,4652,5117,5583,97,109,119,130
Ophthalmology,Division Chief,South,68,145,721110,801233,881356,961479,5725,6362,6998,7634,116,130,143,155
Ophthalmology,Division Chief,West,60,144,817753,908615,999476,1090337,5781,6423,7066,7708,116,130,142,155
Ophthalmology,Department Chair,National,62,152,813107,903453,993797,1084142,4610,5122,5634,6147,110,123,135,147
Ophthalmology,Department Chair,Northeast,68,185,870024,966694,1063363,1160032,4015,4461,4907,5353,105,118,129,140
Ophthalmology,Department Chair,North Central,64,23,772452,858280,944107,1029935,4829,5365,5902,6438,110,123,135,147
Ophthalmology,Department Chair,South,55,117,788714,876349,963983,1051618,4912,5458,6004,6550,99,111,122,132
Ophthalmology,Department Chair,West,41,83,894418,993798,1093177,1192557,5516,6129,6742,7354,111,125,137,149
Ophthalmology,Chief of Surgery,National,42,148,842147,935719,1029290,1122862,5067,5630,6193,6756,111,124,136,148
Ophthalmology,Chief of Surgery,Northeast,64,90,901097,1001219,1101340,1201462,4702,5225,5747,6270,100,112,123,134
Ophthalmology,Chief of Surgery,North Central,56,92,800039,888933,977825,1066719,4876,5417,5959,6501,95,106,116,126
Ophthalmology,Chief of Surgery,South,59,133,816882,907647,998411,1089176,5581,6201,6821,7441,93,104,114,124
Ophthalmology,Chief of Surgery,West,77,124,926361,1029291,1132219,1235148,5096,5662,6229,6795,114,128,140,152
Surgery (Orthopedics),Staff Physician,National,117,1286,159191,176879,194566,212254,8227,9142,10056,10970,40,45,49,54
Surgery (Orthopedics),Staff Physician,Northeast,149,852,170334,189261,208186,227112,8227,9142,10056,10970,40,45,49,54
Surgery (Orthopedics),Staff Physician,North Central,141,394,151231,168035,184838,201641,8227,9142,10056,10970,40,45,49,54
Surgery (Orthopedics),Staff Physician,South,90,653,154415,171573,188729,205887,8227,9142,10056,10970,40,45,49,54
Surgery (Orthopedics),Staff Physician,West,91,181,175110,194567,214023,233480,8227,9142,10056,10970,40,45,49,54
Surgery (Orthopedics),Program Director,National,56,118,187845,208717,229588,250460,7354,8172,8989,9806,54,61,66,73
Surgery (Orthopedics),Program Director,Northeast,57,128,200995,223328,245659,267992,6832,7592,8351,9110,52,59,64,71
Surgery (Orthopedics),Program Director,North Central,65,109,178453,198281,218109,237937,6092,6769,7446,8123,55,62,68,75
Surgery (Orthopedics),Program Director,South,32,74,182210,202456,222700,242946,6765,7518,8269,9021,44,49,54,59
Surgery (Orthopedics),Program Director,West,38,109,206630,229589,252547,275506,6158,6843,7527,8211,54,61,67,74
Surgery (Orthopedics),Division Chief,National,73,63,203765,226405,249045,271686,5683,6315,6947,7578,51,57,62,69
Surgery (Orthopedics),Division Chief,Northeast,66,155,218028,242254,266478,290704,5555,6173,6790,7407,46,52,56,62
Surgery (Orthopedics),Division Chief,North Central,30,166,193576,215085,236593,258101,6587,7319,8051,8783,54,61,67,74
Surgery (Orthopedics),Division Chief,South,39,197,197652,219613,241573,263535,5673,6304,6934,7564,54,61,66,73
Surgery (Orthopedics),Division Chief,West,31,86,224141,249046,273949,298854,5386,5986,6584,7183,53,60,65,72
Surgery (Orthopedics),Department Chair,National,46,59,222868,247631,272393,297156,4994,5549,6104,6659,45,51,56,61
Surgery (Orthopedics),Department Chair,Northeast,74,134,238468,264965,291460,317957,6012,6681,7349,8017,46,52,57,63
Surgery (Orthopedics),Department Chair,North Central,42,110,211724,235249,258773,282298,6049,6722,7394,8066,51,58,63,69
Surgery (Orthopedics),Department Chair,South,68,107,216182,240202,264221,288241,5950,6612,7273,7934,55,62,68,75
Surgery (Orthopedics),Department Chair,West,33,34,245154,272394,299632,326872,5994,6661,7327,7993,54,60,66,72
Surgery (Orthopedics),Chief of Surgery,National,55,134,230827,256475,282121,307769,5789,6433,7076,7719,52,58,64,70
Surgery (Orthopedics),Chief of Surgery,Northeast,64,71,246985,274428,301870,329313,5949,6610,7271,7932,50,57,62,68
Surgery (Orthopedics),Chief of Surgery,North Central,37,124,219286,243651,268015,292380,6070,6745,7419,8094,51,58,63,70
Surgery (Orthopedics),Chief of Surgery,South,65,187,223902,248781,273657,298536,6550,7279,8007,8735,53,59,65,71
Surgery (Orthopedics),Chief of Surgery,West,65,64,253910,282122,310333,338546,6563,7293,8022,8751,45,51,56,62
Otorhinolaryngology,Staff Physician,National,121,1067,517223,574693,632163,689632,3306,3674,4041,4408,78,87,95,104
Otorhinolaryngology,Staff Physician,Northeast,99,905,553429,614922,676414,737906,3306,3674,4041,4408,78,87,95,104
Otorhinolaryngology,Staff Physician,North Central,140,1220,491362,545959,600555,655150,3306,3674,4041,4408,78,87,95,104
Otorhinolaryngology,Staff Physician,South,132,362,501706,557453,613198,668943,3306,3674,4041,4408,78,87,95,104
Otorhinolaryngology,Staff Physician,West,113,960,568946,632163,695379,758595,3306,3674,4041,4408,78,87,95,104
Otorhinolaryngology,Program Director,National,44,199,610323,678138,745952,813766,2505,2784,3062,3341,93,103,113,124
Otorhinolaryngology,Program Director,Northeast,45,162,653046,725608,798169,870730,2913,3237,3561,3884,104,116,127,139
Otorhinolaryngology,Program Director,North Central,55,175,579807,644231,708655,773078,2780,3090,3399,3707,100,111,122,133
Otorhinolaryngology,Program Director,South,69,74,592014,657794,723574,789353,2162,2403,2643,2883,90,100,109,120
Otorhinolaryngology,Program Director,West,79,169,671356,745952,820547,895143,2048,2276,2504,2731,91,102,111,122
Otorhinolaryngology,Division Chief,National,73,83,662046,735608,809168,882729,2009,2232,2455,2678,108,120,131,144
Otorhinolaryngology,Division Chief,Northeast,56,148,708389,787100,865810,944520,2886,3207,3528,3848,92,103,112,123
Otorhinolaryngology,Division Chief,North Central,71,62,628944,698827,768710,838593,2552,2836,3119,3403,95,106,116,127
Otorhinolaryngology,Division Chief,South,33,99,642184,713540,784893,856247,2716,3018,3319,3621,103,115,126,138
Otorhinolaryngology,Division Chief,West,32,133,728250,809169,890085,971002,2958,3288,3616,3944,107,119,130,142
Otorhinolaryngology,Department Chair,National,65,118,724113,804571,885028,965485,2320,2578,2836,3093,99,110,120,132
Otorhinolaryngology,Department Chair,Northeast,60,110,774801,860891,946980,1033069,2760,3068,3374,3681,95,106,116,127
Otorhinolaryngology,Department Chair,North Central,50,178,687907,764342,840777,917211,2014,2238,2462,2686,97,109,119,130
Otorhinolaryngology,Department Chair,South,70,70,702389,780434,858477,936521,2317,2575,2832,3090,94,105,115,126
Otorhinolaryngology,Department Chair,West,43,32,796524,885028,973531,1062034,2926,3251,3576,3901,92,102,112,122
Otorhinolaryngology,Chief of Surgery,National,62,57,749974,833306,916636,999967,2860,3178,3496,3813,87,97,106,116
Otorhinolaryngology,Chief of Surgery,Northeast,78,161,802472,891637,980801,1069964,2051,2280,2507,2735,90,100,110,120
Otorhinolaryngology,Chief of Surgery,North Central,78,161,712475,791640,870804,949968,2552,2836,3119,3402,95,106,116,127
Otorhinolaryngology,Chief of Surgery,South,51,108,727475,808307,889137,969968,2794,3105,3415,3725,88,98,107,117
Otorhinolaryngology,Chief of Surgery,West,30,44,824971,916636,1008300,1099963,2184,2427,2669,2912,97,108,118,129
Surgery (Plastics),Staff Physician,National,77,1457,324467,360520,396571,432624,7250,8056,8861,9667,51,57,62,68
Surgery (Plastics),Staff Physician,Northeast,130,650,347180,385756,424331,462908,7250,8056,8861,9667,51,57,62,68
Surgery (Plastics),Staff Physician,North Central,80,148,308244,342494,376743,410993,7250,8056,8861,9667,51,57,62,68
Surgery (Plastics),Staff Physician,South,93,1338,314733,349704,384674,419645,7250,8056,8861,9667,51,57,62,68
Surgery (Plastics),Staff Physician,West,79,1467,356914,396572,436228,475886,7250,8056,8861,9667,51,57,62,68
Surgery (Plastics),Program Director,National,38,169,382871,425413,467954,510496,4429,4922,5413,5906,56,63,69,75
Surgery (Plastics),Program Director,Northeast,40,37,409672,455192,500711,546231,5039,5600,6159,6720,64,71,77,85
Surgery (Plastics),Program Director,North Central,48,63,363728,404143,444556,484971,5827,6475,7123,7770,65,72,79,87
Surgery (Plastics),Program Director,South,44,105,371385,412651,453916,495181,4493,4993,5491,5991,66,74,80,88
Surgery (Plastics),Program Director,West,41,84,421159,467955,514750,561546,5237,5820,6401,6984,65,73,79,87
Surgery (Plastics),Division Chief,National,32,188,415318,461465,507611,553759,6239,6933,7625,8319,61,68,74,81
Surgery (Plastics),Division Chief,Northeast,32,103,444391,493768,543144,592522,4755,5284,5812,6341,59,66,72,79
Surgery (Plastics),Division Chief,North Central,69,180,394552,438392,482231,526071,5916,6574,7231,7888,66,74,80,88
Surgery (Plastics),Division Chief,South,53,93,402859,447621,492383,537146,5989,6655,7320,7986,71,79,86,94
Surgery (Plastics),Division Chief,West,67,168,456850,507612,558373,609135,5595,6217,6838,7460,64,72,78,86
Surgery (Plastics),Department Chair,National,33,186,454254,504728,555200,605674,6045,6717,7388,8061,71,79,86,95
Surgery (Plastics),Department Chair,Northeast,49,139,486052,540059,594064,648071,4509,5010,5511,6013,58,64,70,77
Surgery (Plastics),Department Chair,North Central,64,130,431542,479491,527440,575390,4915,5462,6007,6554,61,69,75,82
Surgery (Plastics),Department Chair,South,38,115,440627,489586,538544,587503,6257,6953,7648,8343,66,74,81,89
Surgery (Plastics),Department Chair,West,56,180,499680,555201,610720,666241,4831,5368,5905,6442,58,65,70,77
Surgery (Plastics),Chief of Surgery,National,45,152,470478,522754,575029,627305,5292,5880,6468,7056,68,76,82,90
Surgery (Plastics),Chief of Surgery,Northeast,55,58,503411,559347,615281,671216,5179,5755,6330,6905,62,69,75,83
Surgery (Plastics),Chief of Surgery,North Central,67,168,446954,496616,546277,595939,5088,5654,6219,6784,56,63,68,75
Surgery (Plastics),Chief of Surgery,South,46,63,456363,507071,557778,608486,5546,6162,6778,7395,71,79,86,95
Surgery (Plastics),Chief of Surgery,West,61,49,517526,575029,632532,690035,6115,6795,7474,8154,63,71,77,84
Pulmonology,Staff Physician,National,98,416,487615,541794,595973,650153,10656,11841,13025,14209,63,71,78,85
Pulmonology,Staff Physician,Northeast,146,778,521748,579720,637692,695664,10656,11841,13025,14209,63,71,78,85
Pulmonology,Staff Physician,North Central,51,1017,463234,514704,566175,617645,10656,11841,13025,14209,63,71,78,85
Pulmonology,Staff Physician,South,115,1284,472986,525540,578094,630648,10656,11841,13025,14209,63,71,78,85
Pulmonology,Staff Physician,West,50,982,536376,595973,655571,715168,10656,11841,13025,14209,63,71,78,85
Pulmonology,Program Director,National,67,116,575385,639317,703249,767181,8815,9795,10775,11754,73,82,90,98
Pulmonology,Program Director,Northeast,63,182,615662,684069,752476,820883,7557,8397,9237,10076,79,89,97,106
Pulmonology,Program Director,North Central,71,127,546616,607351,668086,728821,7675,8529,9382,10234,83,93,102,112
Pulmonology,Program Director,South,35,20,558124,620137,682151,744165,6504,7228,7951,8673,84,94,104,113
Pulmonology,Program Director,West,57,181,632924,703249,773574,843899,8997,9998,10998,11998,77,87,95,104
Pulmonology,Division Chief,National,67,172,624147,693496,762846,832196,7230,8034,8838,9641,74,84,92,101
Pulmonology,Division Chief,Northeast,56,198,667837,742041,816245,890450,7281,8091,8900,9709,80,90,99,108
Pulmonology,Division Chief,North Central,73,54,592939,658822,724704,790586,9385,10429,11472,12515,81,91,100,109
Pulmonology,Division Chief,South,69,84,605422,672692,739961,807230,6902,7669,8436,9203,86,97,107,116
Pulmonology,Division Chief,West,56,55,686561,762846,839131,915415,7486,8319,9150,9982,84,94,104,113
Pulmonology,Department Chair,National,33,165,682661,758512,834363,910214,6498,7221,7943,8665,73,82,91,99
Pulmonology,Department Chair,Northeast,54,51,730447,811608,892768,973929,9162,10181,11199,12217,71,80,88,96
Pulmonology,Department Chair,North Central,35,72,648528,720586,792645,864704,7081,7868,8655,9442,79,90,98,107
Pulmonology,Department Chair,South,76,159,662181,735756,809332,882908,7932,8814,9695,10576,70,79,87,95
Pulmonology,Department Chair,West,48,37,750927,834363,917799,1001236,8504,9449,10394,11339,77,87,95,104
Pulmonology,Chief of Surgery,National,47,101,707041,785602,864162,942722,9478,10532,11585,12638,83,93,102,112
Pulmonology,Chief of Surgery,Northeast,43,101,756534,840594,924653,1008713,9005,10006,11007,12008,75,84,93,101
Pulmonology,Chief of Surgery,North Central,53,186,671689,746321,820954,895586,8781,9758,10734,11710,80,90,99,108
Pulmonology,Chief of Surgery,South,62,160,685830,762033,838237,914440,7904,8783,9662,10540,85,96,105,115
Pulmonology,Chief of Surgery,West,61,41,777746,864162,950578,1036994,6902,7669,8436,9203,71,80,88,96
Radiology,Staff Physician,National,77,959,557258,619176,681093,743012,9559,10622,11684,12746,45,50,55,60
Radiology,Staff Physician,Northeast,135,249,596266,662519,728770,795022,9559,10622,11684,12746,45,50,55,60
Radiology,Staff Physician,North Central,98,410,529395,588217,647039,705861,9559,10622,11684,12746,45,50,55,60
Radiology,Staff Physician,South,75,1188,540540,600601,660661,720721,9559,10622,11684,12746,45,50,55,60
Radiology,Staff Physician,West,122,434,612984,681094,749203,817313,9559,10622,11684,12746,45,50,55,60
Radiology,Program Director,National,52,107,657565,730628,803690,876754,7160,7956,8752,9547,56,62,68,74
Radiology,Program Director,Northeast,32,114,703594,781772,859949,938127,6483,7203,7924,8644,55,61,67,74
Radiology,Program Director,North Central,58,165,624686,694097,763506,832916,7349,8167,8983,9800,50,55,61,66
Radiology,Program Director,South,45,44,637838,708709,779580,850451,6410,7123,7835,8547,51,57,63,69
Radiology,Program Director,West,48,166,723321,803691,884059,964429,6614,7349,8084,8819,51,57,63,69
Radiology,Division Chief,National,67,159,713291,792546,871800,951055,6006,6674,7341,8008,50,56,61,67
Radiology,Division Chief,Northeast,64,25,763221,848024,932826,1017629,7703,8560,9415,10271,50,56,62,67
Radiology,Division Chief,North Central,63,54,677626,752918,828210,903502,6429,7143,7858,8572,56,62,69,75
Radiology,Division Chief,South,76,175,691892,768769,845646,922523,6158,6843,7527,8211,61,68,75,82
Radiology,Division Chief,West,57,21,784620,871800,958980,1046161,8191,9101,10011,10921,61,68,74,81
Radiology,Department Chair,National,37,126,780162,866847,953531,1040216,8257,9175,10092,11010,62,69,76,83
Radiology,Department Chair,Northeast,38,91,834773,927526,1020278,1113032,6086,6763,7440,8116,54,60,66,73
Radiology,Department Chair,North Central,66,101,741153,823505,905854,988206,8384,9316,10247,11179,57,64,70,77
Radiology,Department Chair,South,62,27,756757,840842,924925,1009010,7303,8115,8926,9738,60,67,73,80
Radiology,Department Chair,West,33,38,858178,953532,1048884,1144238,8283,9204,10125,11045,53,59,65,71
Radiology,Chief of Surgery,National,72,54,808024,897806,987586,1077367,8390,9323,10256,11188,59,65,72,79
Radiology,Chief of Surgery,Northeast,44,181,864586,960652,1056717,1152783,6475,7196,7915,8635,53,59,65,71
Radiology,Chief of Surgery,North Central,49,143,767623,852915,938206,1023499,6019,6689,7358,8026,56,62,68,75
Radiology,Chief of Surgery,South,48,138,783784,870872,957958,1045046,7949,8833,9716,10599,54,60,66,72
Radiology,Chief of Surgery,West,55,79,888827,987586,1086344,1185104,7242,8047,8852,9657,58,65,72,78
Rheumatology,Staff Physician,National,60,1065,579253,643616,707978,772339,7255,8062,8868,9674,81,90,99,108
Rheumatology,Staff Physician,Northeast,80,727,619801,688669,757536,826403,7255,8062,8868,9674,81,90,99,108
Rheumatology,Staff Physician,North Central,72,792,550291,611435,672579,733722,7255,8062,8868,9674,81,90,99,108
Rheumatology,Staff Physician,South,76,368,561876,624307,686738,749169,7255,8062,8868,9674,81,90,99,108
Rheumatology,Staff Physician,West,144,259,637179,707978,778775,849573,7255,8062,8868,9674,81,90,99,108
Rheumatology,Program Director,National,56,62,683519,759467,835414,911360,5697,6331,6964,7597,102,113,124,136
Rheumatology,Program Director,Northeast,48,51,731366,812630,893893,975155,6288,6987,7686,8384,91,101,111,121
Rheumatology,Program Director,North Central,71,33,649343,721494,793643,865792,4905,5451,5996,6541,103,115,126,138
Rheumatology,Program Director,South,43,74,663014,736683,810351,884019,6289,6989,7688,8387,105,117,129,140
Rheumatology,Program Director,West,71,176,751871,835414,918955,1002496,5459,6066,6672,7279,112,125,137,150
Rheumatology,Division Chief,National,58,22,741445,823829,906211,988594,6410,7123,7835,8547,103,114,126,137
Rheumatology,Division Chief,Northeast,33,193,793346,881497,969646,1057796,4613,5126,5639,6151,94,104,115,125
Rheumatology,Division Chief,North Central,46,151,704372,782637,860901,939164,5608,6232,6855,7478,92,102,113,123
Rheumatology,Division Chief,South,42,121,719201,799114,879025,958936,4655,5173,5690,6207,112,124,137,149
Rheumatology,Division Chief,West,63,81,815589,906211,996833,1087454,6376,7085,7793,8501,89,99,109,119
Rheumatology,Department Chair,National,67,25,810955,901063,991169,1081275,4679,5199,5719,6239,91,101,112,122
Rheumatology,Department Chair,Northeast,66,76,867722,964137,1060551,1156964,5433,6037,6640,7244,110,123,135,147
Rheumatology,Department Chair,North Central,67,105,770407,856009,941610,1027211,4795,5329,5862,6394,97,108,119,130
Rheumatology,Department Chair,South,77,40,786626,874031,961434,1048837,4787,5320,5851,6383,97,108,119,130
Rheumatology,Department Chair,West,33,174,892051,991169,1090286,1189402,5077,5642,6206,6770,110,122,135,147
Rheumatology,Chief of Surgery,National,39,185,839918,933243,1026568,1119892,6444,7161,7877,8593,97,108,119,130
Rheumatology,Chief of Surgery,Northeast,54,58,898712,998570,1098427,1198284,5057,5620,6182,6744,100,111,123,134
Rheumatology,Chief of Surgery,North Central,52,139,797922,886581,975239,1063897,5352,5948,6542,7137,98,109,120,131
Rheumatology,Chief of Surgery,South,53,112,814720,905246,995771,1086295,5240,5823,6405,6988,103,114,125,137
Rheumatology,Chief of Surgery,West,71,151,923910,1026568,1129224,1231881,5816,6463,7109,7755,89,99,109,119
Sports Medicine,Staff Physician,National,138,511,297564,330627,363689,396752,6056,6729,7401,8074,85,95,104,114
Sports Medicine,Staff Physician,Northeast,61,269,318394,353771,389147,424524,6056,6729,7401,8074,85,95,104,114
Sports Medicine,Staff Physician,North Central,118,949,282686,314096,345504,376914,6056,6729,7401,8074,85,95,104,114
Sports Medicine,Staff Physician,South,124,1486,288637,320708,352778,384849,6056,6729,7401,8074,85,95,104,114
Sports Medicine,Staff Physician,West,85,1165,327321,363690,400058,436427,6056,6729,7401,8074,85,95,104,114
Sports Medicine,Program Director,National,33,121,351126,390140,429153,468167,5039,5599,6158,6719,112,126,137,151
Sports Medicine,Program Director,Northeast,39,190,375705,417450,459194,500939,4547,5052,5557,6062,102,114,125,137
Sports Medicine,Program Director,North Central,40,161,333570,370633,407695,444759,4344,4827,5309,5792,97,109,119,131
Sports Medicine,Program Director,South,32,35,340592,378436,416278,454122,3904,4338,4771,5205,94,105,115,127
Sports Medicine,Program Director,West,45,42,386238,429154,472068,514984,4688,5209,5729,6250,102,114,124,136
Sports Medicine,Division Chief,National,61,92,380882,423203,465522,507842,4010,4456,4901,5347,104,116,128,140
Sports Medicine,Division Chief,Northeast,51,169,407544,452827,498109,543391,4013,4459,4904,5350,96,108,118,129
Sports Medicine,Division Chief,North Central,43,81,361838,402043,442246,482450,3912,4347,4781,5216,118,132,145,159
Sports Medicine,Division Chief,South,69,38,369456,410507,451556,492607,4650,5167,5683,6200,95,106,116,127
Sports Medicine,Division Chief,West,73,171,418971,465523,512074,558627,4313,4792,5270,5750,105,117,128,141
Sports Medicine,Department Chair,National,56,81,416590,462878,509165,555453,4886,5429,5971,6514,109,122,133,146
Sports Medicine,Department Chair,Northeast,51,33,445751,495280,544806,594334,4442,4935,5428,5922,117,131,144,157
Sports Medicine,Department Chair,North Central,38,127,395761,439734,483706,527680,4667,5186,5704,6222,116,130,142,156
Sports Medicine,Department Chair,South,78,42,404092,448992,493890,538789,4658,5175,5692,6210,102,114,125,137
Sports Medicine,Department Chair,West,50,63,458249,509166,560081,610998,4667,5186,5704,6223,118,132,145,159
Sports Medicine,Chief of Surgery,National,34,173,431468,479409,527349,575290,3749,4166,4582,4999,105,117,128,141
Sports Medicine,Chief of Surgery,Northeast,74,146,461671,512968,564264,615561,5246,5829,6412,6995,105,118,129,141
Sports Medicine,Chief of Surgery,North Central,38,182,409895,455439,500982,546526,4980,5533,6086,6640,112,125,137,150
Sports Medicine,Chief of Surgery,South,45,142,418524,465027,511529,558032,3913,4348,4782,5217,108,120,132,145
Sports Medicine,Chief of Surgery,West,32,100,474615,527350,580084,632819,4806,5340,5874,6408,117,131,144,158
Surgery (General),Staff Physician,National,76,1203,453591,503991,554389,604789,7959,8844,9728,10612,74,83,91,99
Surgery (General),Staff Physician,Northeast,124,769,485343,539270,593196,647124,7959,8844,9728,10612,74,83,91,99
Surgery (General),Staff Physician,North Central,141,990,430912,478791,526670,574549,7959,8844,9728,10612,74,83,91,99
Surgery (General),Staff Physician,South,95,378,439983,488871,537757,586645,7959,8844,9728,10612,74,83,91,99
Surgery (General),Staff Physician,West,145,1083,498950,554390,609828,665267,7959,8844,9728,10612,74,83,91,99
Surgery (General),Program Director,National,31,176,535238,594709,654179,713651,4820,5356,5891,6427,97,109,119,130
Surgery (General),Program Director,Northeast,42,84,572704,636339,699972,763606,7150,7945,8739,9533,81,91,100,109
Surgery (General),Program Director,North Central,78,83,508476,564974,621470,677968,5217,5797,6377,6956,102,115,126,137
Surgery (General),Program Director,South,63,127,519181,576868,634554,692241,6504,7228,7950,8673,86,97,106,115
Surgery (General),Program Director,West,43,80,588762,654180,719597,785016,6401,7113,7824,8535,92,104,114,124
Surgery (General),Division Chief,National,62,29,580597,645108,709618,774129,7075,7862,8648,9434,94,106,116,126
Surgery (General),Division Chief,Northeast,66,167,621239,690266,759291,828319,6373,7082,7790,8498,91,102,112,122
Surgery (General),Division Chief,North Central,61,146,551567,612853,674137,735423,5768,6409,7050,7691,100,112,123,133
Surgery (General),Division Chief,South,67,111,563179,625755,688330,750906,5698,6331,6964,7597,91,102,112,122
Surgery (General),Division Chief,West,43,65,638657,709619,780580,851542,7125,7917,8708,9500,99,111,122,132
Surgery (General),Department Chair,National,49,186,635028,705587,776145,846704,5972,6636,7300,7963,96,108,119,129
Surgery (General),Department Chair,Northeast,37,37,679480,754978,830475,905973,5760,6401,7041,7681,86,97,106,115
Surgery (General),Department Chair,North Central,67,82,603277,670308,737338,804369,5969,6633,7296,7959,97,109,119,130
Surgery (General),Department Chair,South,66,59,615977,684419,752861,821303,6482,7202,7922,8642,88,99,108,118
Surgery (General),Department Chair,West,47,126,698531,776146,853759,931375,5530,6145,6759,7374,99,111,122,133
Surgery (General),Chief of Surgery,National,36,116,657708,730787,803864,876944,4884,5427,5969,6512,87,97,107,116
Surgery (General),Chief of Surgery,Northeast,32,50,703747,781942,860135,938330,6735,7484,8232,8980,103,115,126,137
Surgery (General),Chief of Surgery,North Central,72,129,624822,694247,763671,833096,5127,5697,6266,6836,94,106,116,126
Surgery (General),Chief of Surgery,South,48,40,637976,708863,779748,850635,6527,7253,7978,8703,83,93,103,112
Surgery (General),Chief of Surgery,West,63,70,723478,803865,884251,964638,6000,6667,7334,8000,88,99,108,118
Urgent Care,Staff Physician,National,146,176,414953,461059,507165,553271,5396,5996,6595,7195,40,45,49,54
Urgent Care,Staff Physician,Northeast,124,965,444000,493333,542666,592000,5396,5996,6595,7195,40,45,49,54
Urgent Care,Staff Physician,North Central,88,501,394205,438006,481806,525607,5396,5996,6595,7195,40,45,49,54
Urgent Care,Staff Physician,South,118,240,402504,447227,491950,536673,5396,5996,6595,7195,40,45,49,54
Urgent Care,Staff Physician,West,71,158,456448,507165,557881,608598,5396,5996,6595,7195,40,45,49,54
Urgent Care,Program Director,National,74,41,489644,544050,598454,652860,4431,4923,5415,5908,48,54,58,64
Urgent Care,Program Director,Northeast,71,64,523920,582133,640346,698560,3328,3698,4067,4437,52,59,64,71
Urgent Care,Program Director,North Central,30,46,465162,516847,568532,620217,3584,3983,4381,4779,44,49,54,59
Urgent Care,Program Director,South,53,93,474955,527728,580501,633274,3321,3690,4059,4428,45,51,55,61
Urgent Care,Program Director,West,73,147,538609,598455,658300,718146,3533,3926,4318,4711,49,55,60,66
Urgent Care,Division Chief,National,61,69,531140,590156,649171,708187,4448,4943,5437,5931,51,57,62,68
Urgent Care,Division Chief,Northeast,54,197,568320,631467,694613,757760,4273,4748,5222,5697,44,50,54,60
Urgent Care,Division Chief,North Central,33,146,504583,560648,616712,672778,3298,3665,4031,4398,46,52,57,63
Urgent Care,Division Chief,South,30,116,515206,572451,629696,686941,4379,4866,5352,5839,49,55,60,66
Urgent Care,Division Chief,West,31,48,584254,649172,714088,779006,4851,5390,5929,6468,45,50,55,60
Urgent Care,Department Chair,National,59,125,580934,645483,710031,774580,3828,4254,4679,5104,54,61,67,74
Urgent Care,Department Chair,Northeast,30,148,621600,690667,759733,828800,4236,4708,5178,5649,48,54,59,65
Urgent Care,Department Chair,North Central,72,185,551887,613209,674529,735851,3405,3784,4162,4540,45,50,55,60
Urgent Care,Department Chair,South,62,156,563506,626119,688730,751342,3465,3851,4236,4621,51,57,62,68
Urgent Care,Department Chair,West,64,82,639028,710031,781034,852038,3547,3942,4336,4730,48,54,59,65
Urgent Care,Chief of Surgery,National,44,28,601682,668536,735389,802243,4850,5390,5928,6467,45,50,55,61
Urgent Care,Chief of Surgery,Northeast,32,123,643800,715334,786866,858400,4608,5120,5632,6144,48,54,59,65
Urgent Care,Chief of Surgery,North Central,51,189,571598,635109,698619,762131,3372,3747,4121,4496,52,58,64,70
Urgent Care,Chief of Surgery,South,52,88,583631,648480,713327,778176,4231,4701,5171,5641,50,57,62,68
Urgent Care,Chief of Surgery,West,49,110,661850,735390,808928,882467,4086,4540,4994,5448,53,60,65,72
Urology,Staff Physician,National,96,901,502156,557952,613746,669541,3396,3774,4151,4528,55,62,68,74
Urology,Staff Physician,Northeast,60,687,537307,597008,656708,716409,3396,3774,4151,4528,55,62,68,74
Urology,Staff Physician,North Central,90,1023,477048,530054,583059,636064,3396,3774,4151,4528,55,62,68,74
Urology,Staff Physician,South,123,417,487091,541213,595334,649455,3396,3774,4151,4528,55,62,68,74
Urology,Staff Physician,West,86,391,552372,613747,675121,736496,3396,3774,4151,4528,55,62,68,74
Urology,Program Director,National,35,149,592544,658383,724220,790059,2049,2277,2505,2732,65,73,80,87
Urology,Program Director,Northeast,51,89,634023,704470,774916,845363,2222,2470,2717,2963,62,70,77,84
Urology,Program Director,North Central,36,73,562917,625464,688009,750556,2772,3080,3388,3696,61,68,75,82
Urology,Program Director,South,41,107,574768,638631,702494,766357,2819,3133,3446,3759,70,80,87,95
Urology,Program Director,West,55,108,651799,724221,796643,869065,2420,2690,2958,3227,64,72,79,86
Urology,Division Chief,National,79,133,642760,714178,785595,857013,2451,2724,2997,3269,71,81,88,96
Urology,Division Chief,Northeast,73,77,687753,764171,840587,917004,2677,2974,3272,3569,66,74,81,89
Urology,Division Chief,North Central,67,21,610622,678469,746315,814163,2720,3023,3325,3627,62,70,77,83
Urology,Division Chief,South,35,82,623477,692753,762027,831303,2045,2273,2500,2727,69,78,86,93
Urology,Division Chief,West,60,56,707036,785596,864155,942715,2410,2678,2945,3213,76,86,94,102
Urology,Department Chair,National,36,105,703019,781132,859245,937358,2638,2931,3224,3517,76,86,94,103
Urology,Department Chair,Northeast,32,63,752230,835812,919392,1002973,2980,3312,3643,3974,71,80,88,96
Urology,Department Chair,North Central,37,73,667868,742076,816282,890490,3053,3393,3732,4071,60,68,75,81
Urology,Department Chair,South,58,30,681928,757698,833467,909237,2817,3131,3444,3757,71,80,88,95
Urology,Department Chair,West,75,133,773321,859246,945169,1031094,2131,2369,2605,2842,61,69,76,83
Urology,Chief of Surgery,National,73,88,728127,809030,889932,970835,2098,2332,2565,2798,75,85,93,101
Urology,Chief of Surgery,Northeast,41,67,779096,865662,952227,1038794,2637,2931,3224,3517,62,70,77,84
Urology,Chief of Surgery,North Central,49,34,691720,768579,845435,922294,2933,3260,3585,3911,73,82,90,98
Urology,Chief of Surgery,South,52,81,706283,784759,863234,941710,2116,2351,2586,2821,62,70,77,84
Urology,Chief of Surgery,West,34,114,800939,889933,978925,1067919,2446,2718,2990,3262,74,83,91,99
Pathology,Staff Physician,National,83,770,319404,354894,390383,425872,3334,3705,4075,4446,72,80,88,96
Pathology,Staff Physician,Northeast,77,752,341762,379736,417710,455683,3334,3705,4075,4446,72,80,88,96
Pathology,Staff Physician,North Central,74,320,303434,337149,370864,404579,3334,3705,4075,4446,72,80,88,96
Pathology,Staff Physician,South,118,437,309822,344247,378671,413096,3334,3705,4075,4446,72,80,88,96
Pathology,Staff Physician,West,115,838,351344,390383,429421,468459,3334,3705,4075,4446,72,80,88,96
Pathology,Program Director,National,76,163,376897,418775,460652,502529,2549,2833,3116,3399,88,98,108,118
Pathology,Program Director,Northeast,41,131,403279,448089,492898,537706,2186,2429,2671,2915,96,107,117,128
Pathology,Program Director,North Central,70,85,358052,397836,437619,477403,2494,2771,3048,3325,92,102,112,122
Pathology,Program Director,South,63,115,365590,406212,446832,487453,2982,3314,3645,3977,95,106,117,127
Pathology,Program Director,West,79,184,414586,460652,506717,552782,2747,3053,3358,3664,81,90,99,108
Pathology,Division Chief,National,64,145,408837,454264,499690,545116,2454,2727,2999,3272,84,94,103,113
Pathology,Division Chief,Northeast,73,141,437456,486063,534669,583275,2861,3179,3496,3815,99,110,121,132
Pathology,Division Chief,North Central,70,166,388395,431551,474706,517861,2343,2604,2864,3125,98,109,120,131
Pathology,Division Chief,South,30,154,396572,440636,484700,528763,2903,3226,3548,3871,87,97,107,116
Pathology,Division Chief,West,61,170,449721,499691,549659,599628,2448,2721,2992,3265,90,100,110,120
Pathology,Department Chair,National,53,166,447165,496852,546536,596221,2182,2425,2668,2911,83,92,101,111
Pathology,Department Chair,Northeast,50,135,478467,531631,584794,637957,2529,2811,3091,3373,94,105,115,126
Pathology,Department Chair,North Central,63,87,424807,472009,519210,566410,2738,3043,3347,3652,89,99,109,119
Pathology,Department Chair,South,51,33,433750,481946,530140,578335,2033,2260,2485,2712,90,100,110,120
Pathology,Department Chair,West,66,187,491882,546537,601190,655843,2108,2342,2576,2811,97,108,118,129
Pathology,Chief of Surgery,National,71,52,463136,514596,566056,617515,2518,2798,3078,3358,100,111,122,133
Pathology,Chief of Surgery,Northeast,79,99,495555,550618,605680,660741,2439,2710,2981,3252,86,96,106,115
Pathology,Chief of Surgery,North Central,68,80,439979,488866,537753,586639,2163,2404,2644,2885,95,106,116,127
Pathology,Chief of Surgery,South,75,37,449242,499158,549074,598989,2867,3186,3504,3823,95,105,116,126
Pathology,Chief of Surgery,West,43,115,509449,566056,622661,679266,2960,3290,3618,3948,87,97,106,116
Physiatry,Staff Physician,National,98,1360,440635,489595,538555,587514,4313,4793,5272,5751,36,41,45,49
Physiatry,Staff Physician,Northeast,104,402,471480,523867,576253,628640,4313,4793,5272,5751,36,41,45,49
Physiatry,Staff Physician,North Central,63,240,418603,465116,511627,558138,4313,4793,5272,5751,36,41,45,49
Physiatry,Staff Physician,South,148,413,427416,474907,522398,569888,4313,4793,5272,5751,36,41,45,49
Physiatry,Staff Physician,West,138,860,484699,538555,592410,646265,4313,4793,5272,5751,36,41,45,49
Physiatry,Program Director,National,46,79,519950,577723,635494,693266,3191,3546,3901,4255,48,55,60,66
Physiatry,Program Director,Northeast,47,143,556346,618163,679979,741795,3458,3843,4228,4612,45,52,57,62
Physiatry,Program Director,North Central,61,89,493952,548836,603720,658603,3751,4169,4585,5002,48,55,60,66
Physiatry,Program Director,South,35,43,504351,560391,616430,672468,3397,3775,4153,4530,50,56,62,68
Physiatry,Program Director,West,37,134,571945,635495,699044,762593,3361,3735,4108,4482,41,47,52,56
Physiatry,Division Chief,National,59,110,564013,626682,689350,752018,3595,3995,4395,4794,46,52,58,63
Physiatry,Division Chief,Northeast,64,103,603494,670550,737604,804659,3518,3910,4300,4691,46,52,57,63
Physiatry,Division Chief,North Central,70,124,535812,595348,654882,714417,2965,3295,3624,3954,49,55,61,66
Physiatry,Division Chief,South,73,53,547093,607882,668669,729457,2644,2939,3233,3526,47,53,59,64
Physiatry,Division Chief,West,71,185,620414,689350,758285,827219,3785,4206,4626,5047,48,55,60,65
Physiatry,Department Chair,National,31,186,616889,685434,753976,822519,3600,4001,4401,4801,42,48,53,58
Physiatry,Department Chair,Northeast,64,164,660072,733414,806755,880096,2787,3098,3407,3717,44,50,55,60
Physiatry,Department Chair,North Central,63,108,586045,651162,716278,781393,3231,3591,3950,4309,48,55,60,66
Physiatry,Department Chair,South,63,64,598383,664871,731357,797844,3571,3968,4365,4762,42,48,53,58
Physiatry,Department Chair,West,75,191,678578,753977,829374,904771,3426,3808,4188,4569,50,57,62,68
Physiatry,Chief of Surgery,National,60,117,638921,709913,780904,851895,2671,2968,3265,3562,48,55,60,66
Physiatry,Chief of Surgery,Northeast,52,167,683646,759607,835568,911528,3517,3909,4300,4690,46,53,58,63
Physiatry,Chief of Surgery,North Central,33,146,606975,674418,741859,809300,3025,3361,3697,4033,43,49,54,58
Physiatry,Chief of Surgery,South,70,99,619754,688616,757477,826338,3428,3810,4191,4572,46,53,58,63
Physiatry,Chief of Surgery,West,62,186,702813,780905,858995,937085,3728,4143,4557,4971,49,56,62,68
Psychiatry (General),Staff Physician,National,136,1223,197297,219220,241141,263063,5630,6256,6881,7507,82,92,101,110
Psychiatry (General),Staff Physician,Northeast,143,934,211108,234565,258021,281477,5630,6256,6881,7507,82,92,101,110
Psychiatry (General),Staff Physician,North Central,90,108,187433,208259,229084,249910,5630,6256,6881,7507,82,92,101,110
Psychiatry (General),Staff Physician,South,88,289,191378,212643,233907,255171,5630,6256,6881,7507,82,92,101,110
Psychiatry (General),Staff Physician,West,79,1176,217027,241142,265255,289369,5630,6256,6881,7507,82,92,101,110
Psychiatry (General),Program Director,National,78,152,232811,258679,284546,310414,4285,4762,5237,5714,91,102,112,122
Psychiatry (General),Program Director,Northeast,68,76,249108,276787,304465,332144,4613,5125,5638,6150,97,109,120,131
Psychiatry (General),Program Director,North Central,42,45,221170,245745,270319,294894,3568,3965,4361,4757,106,119,131,142
Psychiatry (General),Program Director,South,40,197,225827,250919,276010,301102,4589,5099,5609,6119,94,105,115,126
Psychiatry (General),Program Director,West,74,161,256092,284547,313001,341456,4912,5458,6003,6550,112,126,139,151
Psychiatry (General),Division Chief,National,31,100,252541,280601,308660,336721,4828,5364,5900,6437,107,120,132,144
Psychiatry (General),Division Chief,Northeast,78,164,270219,300243,330267,360291,4428,4921,5413,5905,110,123,135,147
Psychiatry (General),Division Chief,North Central,71,117,239914,266571,293227,319885,4461,4957,5452,5948,112,126,138,151
Psychiatry (General),Division Chief,South,70,185,244965,272183,299401,326619,3878,4310,4740,5171,112,125,137,150
Psychiatry (General),Division Chief,West,76,146,277795,308661,339527,370393,4521,5024,5526,6029,107,120,132,144
Psychiatry (General),Department Chair,National,52,100,276217,306908,337597,368288,4706,5229,5752,6275,94,106,116,127
Psychiatry (General),Department Chair,Northeast,47,65,295552,328391,361229,394069,4770,5300,5829,6360,111,124,136,149
Psychiatry (General),Department Chair,North Central,73,87,262406,291562,320717,349874,3494,3882,4270,4658,102,114,126,137
Psychiatry (General),Department Chair,South,62,132,267930,297700,327469,357240,4443,4937,5430,5924,108,122,134,146
Psychiatry (General),Department Chair,West,56,105,303838,337598,371357,405117,4393,4881,5369,5857,108,122,134,146
Psychiatry (General),Chief of Surgery,National,32,47,286081,317869,349654,381442,3715,4129,4541,4954,105,117,129,140
Psychiatry (General),Chief of Surgery,Northeast,38,132,306107,340119,374130,408143,4831,5368,5905,6442,100,112,124,135
Psychiatry (General),Chief of Surgery,North Central,32,176,271777,301975,332172,362370,3916,4351,4786,5221,100,113,124,135
Psychiatry (General),Chief of Surgery,South,46,74,277499,308333,339165,369998,4893,5437,5980,6524,106,119,131,143
Psychiatry (General),Chief of Surgery,West,55,29,314690,349656,384620,419586,3863,4292,4721,5151,107,120,132,144
Child Abuse,Staff Physician,National,135,225,513414,570460,627506,684552,10457,11619,12780,13942,72,80,88,96
Child Abuse,Staff Physician,Northeast,62,863,549353,610393,671431,732471,10457,11619,12780,13942,72,80,88,96
Child Abuse,Staff Physician,North Central,59,854,487743,541937,596131,650325,10457,11619,12780,13942,72,80,88,96
Child Abuse,Staff Physician,South,107,1156,498011,553346,608681,664016,10457,11619,12780,13942,72,80,88,96
Child Abuse,Staff Physician,West,143,1468,564755,627506,690256,753008,10457,11619,12780,13942,72,80,88,96
Child Abuse,Program Director,National,77,121,605828,673143,740457,807772,6702,7446,8190,8935,97,108,119,130
Child Abuse,Program Director,Northeast,47,178,648236,720263,792289,864316,7473,8303,9133,9964,100,111,122,133
Child Abuse,Program Director,North Central,55,101,575537,639486,703434,767383,6297,6997,7696,8396,80,89,98,107
Child Abuse,Program Director,South,58,24,587653,652949,718243,783539,6330,7033,7736,8439,86,96,106,115
Child Abuse,Program Director,West,61,45,666411,740458,814503,888549,7657,8508,9358,10209,87,97,106,116
Child Abuse,Division Chief,National,50,67,657170,730189,803208,876227,6810,7566,8323,9079,97,108,118,129
Child Abuse,Division Chief,Northeast,76,79,703172,781303,859432,937563,7400,8222,9044,9866,95,105,116,126
Child Abuse,Division Chief,North Central,65,25,624311,693680,763047,832416,7108,7898,8687,9477,95,105,116,126
Child Abuse,Division Chief,South,58,191,637455,708284,779111,849940,8088,8987,9885,10784,95,105,116,126
Child Abuse,Division Chief,West,50,136,722887,803208,883528,963850,7679,8532,9385,10238,89,99,109,119
Child Abuse,Department Chair,National,54,111,718779,798645,878508,958374,6493,7215,7935,8657,92,102,113,123
Child Abuse,Department Chair,Northeast,34,42,769094,854550,940004,1025460,8945,9939,10932,11926,92,102,113,123
Child Abuse,Department Chair,North Central,38,84,682840,758712,834583,910455,6358,7065,7771,8477,90,101,111,121
Child Abuse,Department Chair,South,62,20,697216,774685,852153,929622,7501,8335,9168,10001,98,109,120,131
Child Abuse,Department Chair,West,58,85,790657,878509,966359,1054211,8263,9181,10098,11016,99,110,121,132
Child Abuse,Chief of Surgery,National,44,158,744450,827168,909884,992601,6789,7543,8297,9051,82,91,100,109
Child Abuse,Chief of Surgery,Northeast,67,132,796562,885069,973576,1062083,9132,10147,11161,12176,87,97,106,116
Child Abuse,Chief of Surgery,North Central,40,194,707228,785809,864389,942971,6329,7033,7735,8439,91,102,112,122
Child Abuse,Chief of Surgery,South,56,130,722117,802353,882587,962823,9335,10373,11409,12447,98,109,120,131
Child Abuse,Chief of Surgery,West,69,31,818895,909884,1000872,1091861,6288,6987,7685,8384,97,108,119,130
