﻿<?xml version="1.0" encoding="utf-8"?>
<deployment>
  <id>775421cf-7ddc-4e46-9120-3ae0e40bdd12</id>
  <author>N/A</author>
  <deployer>OneDeploy</deployer>
  <authorEmail>N/A</authorEmail>
  <message>OneDeploy</message>
  <progress></progress>
  <status>Success</status>
  <statusText></statusText>
  <lastSuccessEndTime>2025-08-13T04:52:50.114176Z</lastSuccessEndTime>
  <receivedTime>2025-08-13T04:52:46.6439827Z</receivedTime>
  <startTime>2025-08-13T04:52:47.9944997Z</startTime>
  <endTime>2025-08-13T04:52:50.114176Z</endTime>
  <complete>True</complete>
  <is_temp>False</is_temp>
  <is_readonly>True</is_readonly>
  <buildSummary />
</deployment>